,aero,etat_voyant,categorie_0,categorie_1,categorie_10,categorie_11,categorie_12,categorie_13,categorie_14,categorie_15,categorie_16,categorie_17,categorie_18,categorie_19,categorie_2,categorie_20,categorie_21,categorie_22,categorie_23,categorie_24,categorie_25,categorie_26,categorie_27,categorie_28,categorie_29,categorie_3,categorie_30,categorie_31,categorie_32,categorie_33,categorie_34,categorie_35,categorie_36,categorie_37,categorie_38,categorie_39,categorie_4,categorie_40,categorie_41,categorie_42,categorie_43,categorie_44,categorie_5,categorie_6,categorie_7,categorie_8,categorie_9,usure_0,usure_1,usure_10,usure_11,usure_12,usure_13,usure_14,usure_15,usure_16,usure_17,usure_18,usure_19,usure_2,usure_20,usure_21,usure_22,usure_23,usure_24,usure_25,usure_26,usure_27,usure_28,usure_29,usure_3,usure_30,usure_31,usure_32,usure_33,usure_34,usure_35,usure_36,usure_37,usure_38,usure_39,usure_4,usure_40,usure_41,usure_42,usure_43,usure_44,usure_5,usure_6,usure_7,usure_8,usure_9
0,A320_1884,0,2,2,2,2,2,2,2,1,1,1,1,1,2,1,1,1,1,1,1,1,1,1,1,2,0,0,0,0,0,0,1,0,0,0,2,0,0,0,0,0,2,2,2,2,2,19.0,50.0,55.0,21.0,33.0,68.0,28.0,27.0,37.0,53.0,51.0,16.0,21.0,30.0,44.0,23.0,35.0,23.0,65.0,47.0,52.0,39.0,17.0,42.0,10.0,60.0,53.0,33.0,36.0,26.0,66.0,12.0,67.0,34.0,38.0,30.0,33.0,62.0,23.0,45.0,21.0,42.0,28.0,33.0,15.0
1,A320_1930,2,2,2,2,2,2,2,2,1,1,1,1,1,2,1,1,1,1,1,1,1,1,1,1,2,0,0,0,0,0,0,1,0,0,0,2,0,0,0,0,0,2,2,2,2,2,61.0,42.0,19.0,46.0,50.0,71.0,29.0,71.0,54.0,48.0,14.0,31.0,47.0,34.0,37.0,59.0,43.0,55.0,49.0,55.0,18.0,36.0,19.0,57.0,55.0,20.0,24.0,31.0,68.0,56.0,47.0,13.0,64.0,49.0,70.0,41.0,71.0,92.0,18.0,46.0,52.0,18.0,18.0,23.0,23.0
2,A320_2237,0,2,2,2,2,2,2,2,1,1,1,1,1,2,1,1,1,1,1,1,1,1,1,1,2,0,0,0,0,0,0,1,0,0,0,2,0,0,0,0,0,2,2,2,2,2,64.0,9.0,28.0,11.0,50.0,23.0,9.0,38.0,50.0,6.0,18.0,32.0,7.0,64.0,26.0,43.0,47.0,19.0,41.0,61.0,17.0,54.0,58.0,11.0,19.0,9.0,46.0,30.0,57.0,29.0,44.0,61.0,44.0,45.0,33.0,60.0,38.0,42.0,57.0,47.0,62.0,47.0,11.0,21.0,56.0
3,A320_2497,1,2,2,2,2,2,2,2,1,1,1,1,1,2,1,1,1,1,1,1,1,1,1,1,2,0,0,0,0,0,0,1,0,0,0,2,0,0,0,0,0,2,2,2,2,2,40.0,18.0,48.0,28.0,16.0,22.0,57.0,25.0,23.0,14.0,19.0,22.0,8.0,27.0,19.0,17.0,33.0,26.0,9.0,49.0,63.0,56.0,22.0,37.0,48.0,36.0,48.0,69.0,30.0,51.0,35.0,61.0,26.0,19.0,26.0,28.0,19.0,77.0,46.0,28.0,31.0,22.0,59.0,54.0,30.0
4,A320_2562,0,2,2,2,2,2,2,2,1,1,1,1,1,2,1,1,1,1,1,1,1,1,1,1,2,0,0,0,0,0,0,1,0,0,0,2,0,0,0,0,0,2,2,2,2,2,12.0,26.0,54.0,52.0,44.0,53.0,37.0,10.0,21.0,29.0,21.0,67.0,25.0,23.0,27.0,57.0,12.0,67.0,22.0,11.0,63.0,41.0,51.0,66.0,45.0,17.0,16.0,21.0,66.0,59.0,18.0,58.0,54.0,12.0,39.0,20.0,69.0,58.0,28.0,22.0,37.0,15.0,60.0,35.0,64.0
5,A320_3178,0,2,2,2,2,2,2,2,1,1,1,1,1,2,1,1,1,1,1,1,1,1,1,1,2,0,0,0,0,0,0,1,0,0,0,2,0,0,0,0,0,2,2,2,2,2,55.0,23.0,48.0,43.0,61.0,52.0,41.0,16.0,28.0,52.0,48.0,29.0,56.0,49.0,20.0,26.0,35.0,45.0,31.0,53.0,42.0,48.0,51.0,53.0,65.0,43.0,36.0,32.0,30.0,52.0,59.0,20.0,35.0,24.0,38.0,34.0,54.0,73.0,43.0,64.0,19.0,33.0,48.0,49.0,17.0
6,A320_3521,2,2,2,2,2,2,2,2,1,1,1,1,1,2,1,1,1,1,1,1,1,1,1,1,2,0,0,0,0,0,0,1,0,0,0,2,0,0,0,0,0,2,2,2,2,2,18.0,68.0,32.0,44.0,58.0,54.0,54.0,62.0,49.0,56.0,61.0,60.0,19.0,18.0,16.0,24.0,61.0,54.0,49.0,62.0,38.0,18.0,54.0,50.0,26.0,44.0,37.0,56.0,55.0,39.0,8.0,42.0,43.0,26.0,61.0,41.0,63.0,95.0,30.0,29.0,27.0,33.0,20.0,50.0,65.0
7,A320_4367,1,2,2,2,2,2,2,2,1,1,1,1,1,2,1,1,1,1,1,1,1,1,1,1,2,0,0,0,0,0,0,1,0,0,0,2,0,0,0,0,0,2,2,2,2,2,8.0,66.0,65.0,17.0,18.0,37.0,13.0,19.0,9.0,11.0,56.0,52.0,56.0,8.0,32.0,12.0,11.0,60.0,53.0,27.0,34.0,34.0,39.0,43.0,42.0,48.0,21.0,46.0,29.0,37.0,33.0,13.0,35.0,45.0,14.0,47.0,48.0,82.0,65.0,48.0,33.0,45.0,45.0,18.0,61.0
8,A320_5229,1,2,2,2,2,2,2,2,1,1,1,1,1,2,1,1,1,1,1,1,1,1,1,1,2,0,0,0,0,0,0,1,0,0,0,2,0,0,0,0,0,2,2,2,2,2,20.0,34.0,27.0,24.0,25.0,56.0,62.0,21.0,35.0,39.0,48.0,52.0,28.0,41.0,13.0,29.0,22.0,28.0,25.0,52.0,47.0,37.0,33.0,9.0,25.0,23.0,23.0,23.0,24.0,71.0,25.0,46.0,38.0,42.0,13.0,41.0,51.0,6.0,64.0,28.0,70.0,50.0,46.0,35.0,27.0
9,A320_6242,0,2,2,2,2,2,2,2,1,1,1,1,1,2,1,1,1,1,1,1,1,1,1,1,2,0,0,0,0,0,0,1,0,0,0,2,0,0,0,0,0,2,2,2,2,2,48.0,11.0,54.0,40.0,30.0,62.0,51.0,66.0,12.0,26.0,19.0,42.0,43.0,6.0,29.0,34.0,35.0,19.0,51.0,25.0,58.0,42.0,26.0,35.0,60.0,47.0,38.0,17.0,18.0,12.0,24.0,30.0,36.0,12.0,36.0,48.0,23.0,33.0,13.0,60.0,56.0,20.0,24.0,30.0,44.0
10,A320_6493,0,2,2,2,2,2,2,2,1,1,1,1,1,2,1,1,1,1,1,1,1,1,1,1,2,0,0,0,0,0,0,1,0,0,0,2,0,0,0,0,0,2,2,2,2,2,64.0,30.0,34.0,44.0,36.0,67.0,39.0,43.0,40.0,25.0,19.0,16.0,19.0,24.0,49.0,32.0,13.0,50.0,41.0,60.0,48.0,30.0,38.0,25.0,46.0,15.0,50.0,61.0,16.0,45.0,27.0,63.0,41.0,51.0,34.0,32.0,54.0,57.0,51.0,20.0,56.0,50.0,53.0,18.0,39.0
11,A320_6678,0,2,2,2,2,2,2,2,1,1,1,1,1,2,1,1,1,1,1,1,1,1,1,1,2,0,0,0,0,0,0,1,0,0,0,2,0,0,0,0,0,2,2,2,2,2,18.0,63.0,20.0,35.0,13.0,59.0,44.0,46.0,15.0,42.0,61.0,27.0,44.0,38.0,20.0,46.0,57.0,55.0,48.0,69.0,50.0,27.0,22.0,23.0,47.0,27.0,42.0,55.0,54.0,42.0,17.0,48.0,16.0,67.0,65.0,62.0,65.0,38.0,67.0,56.0,53.0,13.0,25.0,56.0,52.0
12,A320_6731,0,2,2,2,2,2,2,2,1,1,1,1,1,2,1,1,1,1,1,1,1,1,1,1,2,0,0,0,0,0,0,1,0,0,0,2,0,0,0,0,0,2,2,2,2,2,34.0,56.0,17.0,54.0,46.0,54.0,53.0,65.0,20.0,43.0,20.0,62.0,55.0,54.0,14.0,39.0,43.0,45.0,56.0,44.0,64.0,25.0,43.0,55.0,28.0,35.0,51.0,19.0,64.0,10.0,62.0,9.0,55.0,32.0,29.0,32.0,17.0,78.0,48.0,46.0,61.0,7.0,54.0,42.0,46.0
13,A320_6814,1,2,2,2,2,2,2,2,1,1,1,1,1,2,1,1,1,1,1,1,1,1,1,1,2,0,0,0,0,0,0,1,0,0,0,2,0,0,0,0,0,2,2,2,2,2,45.0,29.0,52.0,21.0,50.0,30.0,37.0,10.0,18.0,21.0,43.0,21.0,33.0,23.0,48.0,51.0,15.0,20.0,56.0,34.0,26.0,15.0,18.0,39.0,54.0,41.0,38.0,45.0,50.0,16.0,37.0,54.0,41.0,40.0,46.0,50.0,28.0,27.0,61.0,46.0,63.0,40.0,46.0,62.0,22.0
14,A320_6924,0,2,2,2,2,2,2,2,1,1,1,1,1,2,1,1,1,1,1,1,1,1,1,1,2,0,0,0,0,0,0,1,0,0,0,2,0,0,0,0,0,2,2,2,2,2,53.0,45.0,59.0,33.0,10.0,52.0,41.0,37.0,43.0,53.0,33.0,44.0,43.0,16.0,63.0,21.0,10.0,49.0,48.0,50.0,23.0,21.0,23.0,34.0,32.0,63.0,48.0,68.0,14.0,14.0,22.0,43.0,64.0,30.0,64.0,52.0,42.0,5.0,51.0,29.0,39.0,29.0,64.0,36.0,31.0
15,A321_0181,0,2,2,2,2,2,2,2,1,1,1,1,1,2,1,1,1,1,1,1,1,1,1,1,2,0,0,0,0,0,0,1,0,0,0,2,0,0,0,0,0,2,2,2,2,2,32.0,36.0,46.0,41.0,41.0,48.0,38.0,68.0,27.0,65.0,28.0,56.0,8.0,33.0,51.0,43.0,42.0,34.0,64.0,59.0,11.0,42.0,66.0,23.0,12.0,43.0,59.0,29.0,15.0,26.0,41.0,59.0,15.0,43.0,18.0,9.0,40.0,62.0,33.0,37.0,32.0,13.0,26.0,16.0,39.0
16,A321_0473,1,2,2,2,2,2,2,2,1,1,1,1,1,2,1,1,1,1,1,1,1,1,1,1,2,0,0,0,0,0,0,1,0,0,0,2,0,0,0,0,0,2,2,2,2,2,54.0,25.0,12.0,39.0,42.0,17.0,39.0,46.0,64.0,47.0,28.0,48.0,60.0,13.0,25.0,14.0,55.0,37.0,51.0,34.0,46.0,47.0,45.0,60.0,54.0,49.0,33.0,51.0,54.0,22.0,61.0,51.0,69.0,59.0,58.0,33.0,35.0,77.0,52.0,15.0,43.0,20.0,52.0,29.0,31.0
17,A321_1458,0,2,2,2,2,2,2,2,1,1,1,1,1,2,1,1,1,1,1,1,1,1,1,1,2,0,0,0,0,0,0,1,0,0,0,2,0,0,0,0,0,2,2,2,2,2,38.0,39.0,45.0,33.0,48.0,20.0,34.0,51.0,58.0,20.0,24.0,45.0,19.0,11.0,29.0,59.0,37.0,59.0,28.0,48.0,19.0,8.0,62.0,51.0,10.0,26.0,54.0,43.0,24.0,47.0,30.0,48.0,26.0,32.0,16.0,47.0,37.0,61.0,38.0,58.0,43.0,66.0,56.0,23.0,43.0
18,A321_1460,0,2,2,2,2,2,2,2,1,1,1,1,1,2,1,1,1,1,1,1,1,1,1,1,2,0,0,0,0,0,0,1,0,0,0,2,0,0,0,0,0,2,2,2,2,2,42.0,6.0,38.0,51.0,21.0,26.0,54.0,48.0,18.0,12.0,33.0,59.0,57.0,41.0,24.0,44.0,54.0,64.0,5.0,17.0,18.0,46.0,52.0,35.0,23.0,8.0,13.0,59.0,64.0,49.0,37.0,52.0,11.0,28.0,32.0,6.0,16.0,74.0,17.0,52.0,22.0,58.0,12.0,46.0,48.0
19,A321_1968,1,2,2,2,2,2,2,2,1,1,1,1,1,2,1,1,1,1,1,1,1,1,1,1,2,0,0,0,0,0,0,1,0,0,0,2,0,0,0,0,0,2,2,2,2,2,24.0,45.0,60.0,25.0,38.0,63.0,23.0,68.0,27.0,33.0,33.0,28.0,19.0,26.0,17.0,50.0,36.0,28.0,9.0,65.0,47.0,42.0,54.0,36.0,34.0,39.0,65.0,50.0,21.0,43.0,20.0,25.0,54.0,24.0,17.0,56.0,14.0,87.0,29.0,19.0,16.0,52.0,48.0,54.0,63.0
20,A321_3033,0,2,2,2,2,2,2,2,1,1,1,1,1,2,1,1,1,1,1,1,1,1,1,1,2,0,0,0,0,0,0,1,0,0,0,2,0,0,0,0,0,2,2,2,2,2,45.0,29.0,19.0,28.0,51.0,58.0,44.0,36.0,8.0,48.0,59.0,44.0,64.0,6.0,37.0,54.0,36.0,42.0,17.0,15.0,15.0,45.0,29.0,21.0,54.0,23.0,46.0,30.0,25.0,60.0,45.0,64.0,44.0,55.0,49.0,18.0,18.0,45.0,57.0,21.0,46.0,61.0,28.0,60.0,43.0
21,A321_3707,2,2,2,2,2,2,2,2,1,1,1,1,1,2,1,1,1,1,1,1,1,1,1,1,2,0,0,0,0,0,0,1,0,0,0,2,0,0,0,0,0,2,2,2,2,2,43.0,27.0,68.0,64.0,34.0,16.0,10.0,23.0,36.0,66.0,25.0,64.0,33.0,54.0,48.0,48.0,58.0,39.0,41.0,70.0,54.0,10.0,32.0,61.0,50.0,37.0,20.0,55.0,37.0,25.0,16.0,54.0,67.0,43.0,56.0,38.0,20.0,97.0,42.0,52.0,58.0,25.0,64.0,24.0,31.0
22,A321_4232,0,2,2,2,2,2,2,2,1,1,1,1,1,2,1,1,1,1,1,1,1,1,1,1,2,0,0,0,0,0,0,1,0,0,0,2,0,0,0,0,0,2,2,2,2,2,44.0,34.0,22.0,35.0,14.0,37.0,18.0,63.0,63.0,38.0,9.0,19.0,36.0,30.0,45.0,63.0,46.0,50.0,28.0,19.0,25.0,47.0,56.0,31.0,52.0,13.0,22.0,25.0,51.0,60.0,34.0,12.0,51.0,13.0,29.0,66.0,26.0,62.0,8.0,32.0,43.0,32.0,45.0,61.0,22.0
23,A321_5105,0,2,2,2,2,2,2,2,1,1,1,1,1,2,1,1,1,1,1,1,1,1,1,1,2,0,0,0,0,0,0,1,0,0,0,2,0,0,0,0,0,2,2,2,2,2,22.0,18.0,9.0,32.0,23.0,24.0,32.0,71.0,48.0,30.0,22.0,50.0,10.0,46.0,53.0,35.0,30.0,15.0,37.0,11.0,58.0,31.0,33.0,29.0,58.0,56.0,69.0,58.0,44.0,49.0,36.0,9.0,49.0,62.0,20.0,31.0,13.0,62.0,54.0,17.0,56.0,54.0,14.0,22.0,38.0
24,A321_5206,2,2,2,2,2,2,2,2,1,1,1,1,1,2,1,1,1,1,1,1,1,1,1,1,2,0,0,0,0,0,0,1,0,0,0,2,0,0,0,0,0,2,2,2,2,2,62.0,47.0,56.0,42.0,48.0,62.0,22.0,63.0,12.0,56.0,67.0,51.0,20.0,9.0,17.0,59.0,48.0,15.0,15.0,42.0,16.0,15.0,9.0,55.0,60.0,10.0,63.0,58.0,68.0,42.0,35.0,65.0,43.0,54.0,31.0,32.0,10.0,97.0,19.0,49.0,28.0,13.0,31.0,15.0,32.0
25,A321_6807,2,2,2,2,2,2,2,2,1,1,1,1,1,2,1,1,1,1,1,1,1,1,1,1,2,0,0,0,0,0,0,1,0,0,0,2,0,0,0,0,0,2,2,2,2,2,53.0,65.0,33.0,58.0,27.0,60.0,52.0,21.0,64.0,15.0,58.0,38.0,54.0,66.0,30.0,37.0,22.0,11.0,26.0,53.0,66.0,57.0,9.0,48.0,24.0,63.0,16.0,46.0,40.0,49.0,48.0,66.0,20.0,28.0,14.0,34.0,47.0,97.0,20.0,17.0,45.0,43.0,56.0,59.0,22.0
26,A330_0921,0,2,2,2,2,2,2,2,1,1,1,1,1,2,1,1,1,1,1,1,1,1,1,1,2,0,0,0,0,0,0,1,0,0,0,2,0,0,0,0,0,2,2,2,2,2,49.0,35.0,67.0,46.0,43.0,23.0,46.0,34.0,61.0,56.0,67.0,48.0,37.0,45.0,22.0,34.0,51.0,20.0,38.0,14.0,29.0,51.0,34.0,25.0,36.0,37.0,47.0,38.0,65.0,13.0,59.0,62.0,50.0,40.0,44.0,20.0,17.0,8.0,55.0,55.0,22.0,12.0,57.0,60.0,56.0
27,A330_1199,0,2,2,2,2,2,2,2,1,1,1,1,1,2,1,1,1,1,1,1,1,1,1,1,2,0,0,0,0,0,0,1,0,0,0,2,0,0,0,0,0,2,2,2,2,2,38.0,20.0,22.0,55.0,22.0,61.0,20.0,62.0,29.0,42.0,23.0,28.0,24.0,11.0,59.0,7.0,64.0,38.0,50.0,53.0,52.0,54.0,63.0,10.0,19.0,45.0,49.0,60.0,27.0,35.0,12.0,35.0,22.0,27.0,44.0,36.0,27.0,83.0,14.0,59.0,31.0,37.0,34.0,40.0,14.0
28,A330_2237,0,2,2,2,2,2,2,2,1,1,1,1,1,2,1,1,1,1,1,1,1,1,1,1,2,0,0,0,0,0,0,1,0,0,0,2,0,0,0,0,0,2,2,2,2,2,19.0,12.0,48.0,13.0,44.0,44.0,22.0,52.0,57.0,44.0,39.0,65.0,15.0,56.0,39.0,61.0,19.0,8.0,25.0,54.0,51.0,35.0,8.0,49.0,26.0,36.0,34.0,19.0,66.0,65.0,18.0,38.0,40.0,33.0,52.0,37.0,14.0,56.0,35.0,50.0,47.0,12.0,15.0,66.0,11.0
29,A330_2602,0,2,2,2,2,2,2,2,1,1,1,1,1,2,1,1,1,1,1,1,1,1,1,1,2,0,0,0,0,0,0,1,0,0,0,2,0,0,0,0,0,2,2,2,2,2,27.0,49.0,26.0,61.0,22.0,6.0,59.0,39.0,47.0,7.0,14.0,66.0,54.0,59.0,54.0,61.0,22.0,7.0,56.0,44.0,9.0,30.0,65.0,57.0,12.0,19.0,53.0,55.0,53.0,9.0,63.0,22.0,29.0,64.0,38.0,14.0,16.0,43.0,30.0,14.0,55.0,50.0,8.0,29.0,17.0
30,A330_2982,0,2,2,2,2,2,2,2,1,1,1,1,1,2,1,1,1,1,1,1,1,1,1,1,2,0,0,0,0,0,0,1,0,0,0,2,0,0,0,0,0,2,2,2,2,2,14.0,23.0,11.0,31.0,29.0,52.0,37.0,49.0,24.0,32.0,13.0,26.0,17.0,37.0,55.0,43.0,64.0,12.0,46.0,46.0,17.0,40.0,21.0,24.0,62.0,14.0,16.0,36.0,16.0,25.0,32.0,50.0,64.0,45.0,37.0,62.0,20.0,93.0,20.0,9.0,50.0,64.0,57.0,19.0,44.0
31,A330_3404,1,2,2,2,2,2,2,2,1,1,1,1,1,2,1,1,1,1,1,1,1,1,1,1,2,0,0,0,0,0,0,1,0,0,0,2,0,0,0,0,0,2,2,2,2,2,51.0,66.0,66.0,52.0,53.0,16.0,28.0,67.0,32.0,15.0,40.0,32.0,15.0,27.0,58.0,6.0,17.0,7.0,39.0,57.0,7.0,25.0,44.0,11.0,59.0,50.0,24.0,56.0,40.0,34.0,55.0,31.0,61.0,66.0,50.0,65.0,26.0,55.0,53.0,26.0,14.0,34.0,6.0,48.0,49.0
32,A330_3411,1,2,2,2,2,2,2,2,1,1,1,1,1,2,1,1,1,1,1,1,1,1,1,1,2,0,0,0,0,0,0,1,0,0,0,2,0,0,0,0,0,2,2,2,2,2,57.0,50.0,42.0,52.0,18.0,38.0,37.0,46.0,67.0,31.0,69.0,68.0,22.0,11.0,50.0,18.0,17.0,64.0,10.0,59.0,19.0,63.0,41.0,28.0,67.0,62.0,43.0,16.0,36.0,60.0,38.0,51.0,32.0,56.0,64.0,18.0,46.0,94.0,55.0,60.0,35.0,24.0,8.0,63.0,67.0
33,A330_3519,0,2,2,2,2,2,2,2,1,1,1,1,1,2,1,1,1,1,1,1,1,1,1,1,2,0,0,0,0,0,0,1,0,0,0,2,0,0,0,0,0,2,2,2,2,2,45.0,34.0,58.0,18.0,57.0,55.0,15.0,17.0,27.0,16.0,56.0,40.0,11.0,44.0,15.0,26.0,63.0,58.0,30.0,51.0,14.0,15.0,34.0,38.0,61.0,27.0,49.0,12.0,56.0,62.0,52.0,49.0,20.0,36.0,23.0,8.0,20.0,79.0,16.0,16.0,65.0,12.0,17.0,36.0,46.0
34,A330_3548,0,2,2,2,2,2,2,2,1,1,1,1,1,2,1,1,1,1,1,1,1,1,1,1,2,0,0,0,0,0,0,1,0,0,0,2,0,0,0,0,0,2,2,2,2,2,48.0,51.0,9.0,34.0,26.0,59.0,16.0,14.0,27.0,52.0,67.0,35.0,44.0,55.0,17.0,25.0,38.0,27.0,13.0,40.0,29.0,29.0,62.0,55.0,61.0,37.0,18.0,22.0,9.0,36.0,43.0,39.0,51.0,41.0,10.0,52.0,9.0,50.0,59.0,28.0,37.0,67.0,8.0,47.0,43.0
35,A330_3896,0,2,2,2,2,2,2,2,1,1,1,1,1,2,1,1,1,1,1,1,1,1,1,1,2,0,0,0,0,0,0,1,0,0,0,2,0,0,0,0,0,2,2,2,2,2,59.0,42.0,57.0,13.0,59.0,25.0,54.0,18.0,62.0,25.0,19.0,14.0,7.0,15.0,36.0,23.0,63.0,41.0,49.0,18.0,21.0,56.0,26.0,47.0,11.0,54.0,12.0,54.0,43.0,14.0,8.0,22.0,50.0,52.0,56.0,54.0,49.0,88.0,33.0,58.0,23.0,55.0,19.0,62.0,46.0
36,A330_4046,1,2,2,2,2,2,2,2,1,1,1,1,1,2,1,1,1,1,1,1,1,1,1,1,2,0,0,0,0,0,0,1,0,0,0,2,0,0,0,0,0,2,2,2,2,2,26.0,19.0,8.0,63.0,58.0,67.0,38.0,40.0,30.0,7.0,53.0,12.0,8.0,35.0,29.0,33.0,17.0,45.0,65.0,14.0,27.0,32.0,12.0,61.0,21.0,56.0,16.0,15.0,48.0,39.0,15.0,31.0,42.0,38.0,38.0,8.0,47.0,68.0,8.0,23.0,55.0,46.0,23.0,51.0,19.0
37,A330_4129,0,2,2,2,2,2,2,2,1,1,1,1,1,2,1,1,1,1,1,1,1,1,1,1,2,0,0,0,0,0,0,1,0,0,0,2,0,0,0,0,0,2,2,2,2,2,31.0,32.0,9.0,66.0,40.0,62.0,17.0,13.0,39.0,44.0,21.0,66.0,8.0,22.0,39.0,17.0,41.0,55.0,57.0,56.0,41.0,58.0,14.0,33.0,12.0,23.0,58.0,58.0,11.0,51.0,60.0,45.0,55.0,57.0,29.0,60.0,10.0,41.0,7.0,13.0,45.0,53.0,59.0,26.0,20.0
38,A330_4686,0,2,2,2,2,2,2,2,1,1,1,1,1,2,1,1,1,1,1,1,1,1,1,1,2,0,0,0,0,0,0,1,0,0,0,2,0,0,0,0,0,2,2,2,2,2,20.0,46.0,67.0,63.0,56.0,24.0,29.0,37.0,59.0,20.0,38.0,25.0,53.0,65.0,28.0,62.0,24.0,29.0,30.0,56.0,41.0,61.0,22.0,52.0,42.0,54.0,17.0,24.0,37.0,26.0,66.0,31.0,54.0,23.0,39.0,58.0,20.0,78.0,35.0,41.0,51.0,16.0,56.0,60.0,42.0
39,A330_4856,0,2,2,2,2,2,2,2,1,1,1,1,1,2,1,1,1,1,1,1,1,1,1,1,2,0,0,0,0,0,0,1,0,0,0,2,0,0,0,0,0,2,2,2,2,2,29.0,53.0,52.0,45.0,42.0,47.0,18.0,52.0,56.0,50.0,37.0,54.0,53.0,14.0,14.0,67.0,33.0,51.0,8.0,48.0,23.0,35.0,29.0,42.0,25.0,57.0,30.0,15.0,69.0,40.0,23.0,49.0,65.0,61.0,13.0,37.0,38.0,69.0,63.0,52.0,35.0,57.0,65.0,50.0,11.0
40,A330_5146,0,2,2,2,2,2,2,2,1,1,1,1,1,2,1,1,1,1,1,1,1,1,1,1,2,0,0,0,0,0,0,1,0,0,0,2,0,0,0,0,0,2,2,2,2,2,21.0,33.0,60.0,32.0,20.0,57.0,32.0,27.0,38.0,8.0,51.0,59.0,17.0,20.0,39.0,61.0,40.0,48.0,60.0,61.0,34.0,40.0,4.0,57.0,13.0,19.0,40.0,62.0,11.0,7.0,31.0,56.0,34.0,16.0,56.0,23.0,44.0,52.0,12.0,8.0,38.0,33.0,49.0,8.0,37.0
41,A330_5998,0,2,2,2,2,2,2,2,1,1,1,1,1,2,1,1,1,1,1,1,1,1,1,1,2,0,0,0,0,0,0,1,0,0,0,2,0,0,0,0,0,2,2,2,2,2,34.0,38.0,26.0,35.0,55.0,43.0,46.0,26.0,26.0,7.0,26.0,43.0,47.0,62.0,46.0,56.0,50.0,10.0,59.0,49.0,4.0,20.0,18.0,23.0,46.0,34.0,18.0,20.0,24.0,28.0,25.0,44.0,63.0,16.0,35.0,16.0,60.0,37.0,37.0,33.0,47.0,47.0,20.0,57.0,30.0
42,A330_6095,0,2,2,2,2,2,2,2,1,1,1,1,1,2,1,1,1,1,1,1,1,1,1,1,2,0,0,0,0,0,0,1,0,0,0,2,0,0,0,0,0,2,2,2,2,2,40.0,67.0,47.0,30.0,63.0,67.0,31.0,38.0,18.0,9.0,67.0,31.0,22.0,54.0,25.0,23.0,18.0,55.0,58.0,60.0,32.0,38.0,44.0,57.0,18.0,55.0,38.0,51.0,60.0,68.0,28.0,54.0,28.0,7.0,67.0,15.0,39.0,79.0,12.0,50.0,40.0,43.0,13.0,55.0,6.0
43,A330_6573,0,2,2,2,2,2,2,2,1,1,1,1,1,2,1,1,1,1,1,1,1,1,1,1,2,0,0,0,0,0,0,1,0,0,0,2,0,0,0,0,0,2,2,2,2,2,38.0,39.0,27.0,50.0,12.0,60.0,20.0,37.0,22.0,58.0,31.0,66.0,9.0,54.0,11.0,17.0,53.0,59.0,18.0,65.0,62.0,54.0,65.0,64.0,36.0,18.0,53.0,46.0,61.0,62.0,58.0,58.0,32.0,8.0,53.0,20.0,37.0,58.0,60.0,14.0,64.0,31.0,50.0,21.0,36.0
44,A330_6708,0,2,2,2,2,2,2,2,1,1,1,1,1,2,1,1,1,1,1,1,1,1,1,1,2,0,0,0,0,0,0,1,0,0,0,2,0,0,0,0,0,2,2,2,2,2,64.0,43.0,43.0,15.0,67.0,37.0,58.0,57.0,16.0,57.0,46.0,11.0,38.0,18.0,46.0,27.0,14.0,54.0,36.0,31.0,11.0,21.0,20.0,13.0,28.0,23.0,28.0,23.0,33.0,57.0,47.0,59.0,58.0,59.0,37.0,36.0,43.0,70.0,44.0,23.0,49.0,61.0,55.0,38.0,49.0
45,A330_6979,0,2,2,2,2,2,2,2,1,1,1,1,1,2,1,1,1,1,1,1,1,1,1,1,2,0,0,0,0,0,0,1,0,0,0,2,0,0,0,0,0,2,2,2,2,2,10.0,40.0,31.0,48.0,35.0,19.0,55.0,48.0,13.0,18.0,40.0,52.0,47.0,18.0,54.0,51.0,66.0,61.0,11.0,57.0,60.0,19.0,45.0,52.0,25.0,42.0,16.0,24.0,55.0,16.0,11.0,26.0,53.0,40.0,10.0,31.0,58.0,48.0,10.0,25.0,23.0,33.0,45.0,37.0,29.0
46,A340_1047,0,2,2,2,2,2,2,2,1,1,1,1,1,2,1,1,1,1,1,1,1,1,1,1,2,0,0,0,0,0,0,1,0,0,0,2,0,0,0,0,0,2,2,2,2,2,25.0,26.0,63.0,37.0,28.0,59.0,11.0,62.0,22.0,15.0,24.0,50.0,23.0,7.0,57.0,16.0,17.0,49.0,61.0,38.0,48.0,43.0,62.0,32.0,45.0,13.0,57.0,56.0,63.0,56.0,51.0,49.0,32.0,33.0,10.0,22.0,60.0,47.0,20.0,38.0,21.0,18.0,18.0,60.0,6.0
47,A340_1384,0,2,2,2,2,2,2,2,1,1,1,1,1,2,1,1,1,1,1,1,1,1,1,1,2,0,0,0,0,0,0,1,0,0,0,2,0,0,0,0,0,2,2,2,2,2,21.0,45.0,27.0,11.0,11.0,32.0,55.0,16.0,50.0,61.0,31.0,56.0,65.0,31.0,26.0,52.0,64.0,53.0,25.0,44.0,62.0,34.0,47.0,21.0,48.0,34.0,36.0,18.0,65.0,47.0,28.0,52.0,10.0,31.0,65.0,25.0,68.0,74.0,9.0,41.0,30.0,43.0,26.0,60.0,48.0
48,A340_1505,0,2,2,2,2,2,2,2,1,1,1,1,1,2,1,1,1,1,1,1,1,1,1,1,2,0,0,0,0,0,0,1,0,0,0,2,0,0,0,0,0,2,2,2,2,2,15.0,54.0,17.0,60.0,14.0,34.0,51.0,18.0,46.0,50.0,25.0,15.0,27.0,25.0,32.0,40.0,36.0,32.0,18.0,45.0,48.0,41.0,67.0,45.0,57.0,55.0,59.0,58.0,49.0,27.0,55.0,35.0,58.0,31.0,66.0,22.0,36.0,23.0,43.0,63.0,59.0,47.0,53.0,39.0,26.0
49,A340_2793,2,2,2,2,2,2,2,2,1,1,1,1,1,2,1,1,1,1,1,1,1,1,1,1,2,0,0,0,0,0,0,1,0,0,0,2,0,0,0,0,0,2,2,2,2,2,63.0,50.0,35.0,65.0,22.0,12.0,50.0,70.0,60.0,46.0,22.0,65.0,61.0,50.0,41.0,10.0,10.0,28.0,49.0,57.0,47.0,47.0,66.0,10.0,24.0,55.0,23.0,13.0,30.0,68.0,55.0,23.0,44.0,67.0,13.0,58.0,37.0,92.0,9.0,34.0,10.0,34.0,47.0,32.0,40.0
50,A340_2827,0,2,2,2,2,2,2,2,1,1,1,1,1,2,1,1,1,1,1,1,1,1,1,1,2,0,0,0,0,0,0,1,0,0,0,2,0,0,0,0,0,2,2,2,2,2,62.0,37.0,27.0,44.0,14.0,20.0,51.0,58.0,52.0,47.0,32.0,63.0,31.0,21.0,65.0,30.0,14.0,54.0,19.0,14.0,23.0,20.0,49.0,53.0,60.0,48.0,64.0,12.0,41.0,14.0,53.0,50.0,17.0,30.0,52.0,43.0,15.0,78.0,23.0,30.0,58.0,24.0,6.0,10.0,32.0
51,A340_3214,2,2,2,2,2,2,2,2,1,1,1,1,1,2,1,1,1,1,1,1,1,1,1,1,2,0,0,0,0,0,0,1,0,0,0,2,0,0,0,0,0,2,2,2,2,2,37.0,19.0,54.0,26.0,45.0,39.0,8.0,45.0,60.0,9.0,29.0,23.0,43.0,26.0,52.0,20.0,28.0,65.0,65.0,15.0,14.0,46.0,53.0,50.0,9.0,24.0,46.0,13.0,42.0,58.0,18.0,41.0,49.0,24.0,44.0,11.0,55.0,97.0,55.0,8.0,28.0,54.0,63.0,18.0,16.0
52,A340_3614,1,2,2,2,2,2,2,2,1,1,1,1,1,2,1,1,1,1,1,1,1,1,1,1,2,0,0,0,0,0,0,1,0,0,0,2,0,0,0,0,0,2,2,2,2,2,40.0,10.0,30.0,22.0,23.0,59.0,58.0,38.0,11.0,48.0,64.0,38.0,64.0,52.0,45.0,28.0,55.0,46.0,17.0,10.0,59.0,18.0,42.0,56.0,27.0,22.0,26.0,41.0,36.0,58.0,58.0,11.0,10.0,35.0,14.0,53.0,67.0,61.0,48.0,45.0,22.0,43.0,15.0,46.0,49.0
53,A340_3887,1,2,2,2,2,2,2,2,1,1,1,1,1,2,1,1,1,1,1,1,1,1,1,1,2,0,0,0,0,0,0,1,0,0,0,2,0,0,0,0,0,2,2,2,2,2,44.0,38.0,15.0,44.0,50.0,52.0,52.0,43.0,66.0,39.0,46.0,22.0,36.0,8.0,33.0,34.0,47.0,23.0,44.0,37.0,46.0,32.0,55.0,22.0,45.0,57.0,14.0,49.0,51.0,45.0,15.0,24.0,56.0,53.0,15.0,21.0,54.0,83.0,38.0,42.0,31.0,11.0,23.0,62.0,48.0
54,A340_3962,0,2,2,2,2,2,2,2,1,1,1,1,1,2,1,1,1,1,1,1,1,1,1,1,2,0,0,0,0,0,0,1,0,0,0,2,0,0,0,0,0,2,2,2,2,2,12.0,19.0,51.0,54.0,35.0,54.0,54.0,15.0,18.0,53.0,61.0,59.0,13.0,50.0,11.0,63.0,10.0,7.0,12.0,40.0,35.0,47.0,52.0,30.0,16.0,24.0,35.0,24.0,64.0,36.0,15.0,47.0,24.0,42.0,12.0,15.0,31.0,74.0,42.0,55.0,14.0,63.0,38.0,16.0,18.0
55,A340_4021,0,2,2,2,2,2,2,2,1,1,1,1,1,2,1,1,1,1,1,1,1,1,1,1,2,0,0,0,0,0,0,1,0,0,0,2,0,0,0,0,0,2,2,2,2,2,67.0,50.0,36.0,59.0,53.0,12.0,56.0,69.0,57.0,9.0,59.0,22.0,23.0,30.0,22.0,38.0,43.0,65.0,66.0,54.0,64.0,31.0,36.0,34.0,12.0,22.0,31.0,31.0,15.0,27.0,17.0,10.0,15.0,64.0,59.0,41.0,38.0,56.0,21.0,56.0,23.0,30.0,40.0,48.0,20.0
56,A340_4633,0,2,2,2,2,2,2,2,1,1,1,1,1,2,1,1,1,1,1,1,1,1,1,1,2,0,0,0,0,0,0,1,0,0,0,2,0,0,0,0,0,2,2,2,2,2,36.0,38.0,57.0,29.0,66.0,12.0,19.0,64.0,22.0,64.0,45.0,29.0,12.0,30.0,14.0,13.0,24.0,28.0,51.0,36.0,62.0,14.0,50.0,22.0,58.0,21.0,68.0,44.0,33.0,66.0,52.0,24.0,45.0,17.0,59.0,50.0,15.0,65.0,39.0,30.0,61.0,65.0,37.0,55.0,34.0
57,A340_4662,0,2,2,2,2,2,2,2,1,1,1,1,1,2,1,1,1,1,1,1,1,1,1,1,2,0,0,0,0,0,0,1,0,0,0,2,0,0,0,0,0,2,2,2,2,2,44.0,57.0,63.0,59.0,43.0,55.0,10.0,51.0,52.0,26.0,29.0,12.0,10.0,29.0,56.0,43.0,34.0,40.0,13.0,33.0,36.0,56.0,25.0,27.0,25.0,50.0,67.0,20.0,16.0,9.0,41.0,34.0,36.0,16.0,51.0,7.0,7.0,75.0,9.0,52.0,57.0,36.0,59.0,47.0,24.0
58,A340_4940,0,2,2,2,2,2,2,2,1,1,1,1,1,2,1,1,1,1,1,1,1,1,1,1,2,0,0,0,0,0,0,1,0,0,0,2,0,0,0,0,0,2,2,2,2,2,45.0,67.0,52.0,31.0,18.0,13.0,56.0,45.0,21.0,15.0,28.0,15.0,47.0,27.0,48.0,13.0,66.0,15.0,34.0,40.0,10.0,39.0,28.0,40.0,70.0,47.0,25.0,59.0,55.0,33.0,31.0,26.0,48.0,66.0,65.0,15.0,44.0,69.0,49.0,27.0,62.0,69.0,50.0,34.0,14.0
59,A340_6668,1,2,2,2,2,2,2,2,1,1,1,1,1,2,1,1,1,1,1,1,1,1,1,1,2,0,0,0,0,0,0,1,0,0,0,2,0,0,0,0,0,2,2,2,2,2,26.0,26.0,10.0,16.0,19.0,28.0,9.0,64.0,56.0,63.0,12.0,31.0,15.0,44.0,9.0,16.0,64.0,46.0,64.0,51.0,31.0,50.0,30.0,24.0,31.0,57.0,23.0,34.0,50.0,42.0,43.0,61.0,23.0,8.0,9.0,53.0,60.0,6.0,55.0,22.0,17.0,37.0,37.0,8.0,36.0
60,A340_6933,2,2,2,2,2,2,2,2,1,1,1,1,1,2,1,1,1,1,1,1,1,1,1,1,2,0,0,0,0,0,0,1,0,0,0,2,0,0,0,0,0,2,2,2,2,2,68.0,58.0,54.0,12.0,62.0,22.0,49.0,42.0,46.0,56.0,15.0,44.0,46.0,13.0,59.0,16.0,68.0,10.0,36.0,45.0,68.0,65.0,44.0,16.0,22.0,54.0,34.0,55.0,60.0,15.0,36.0,33.0,38.0,52.0,24.0,12.0,28.0,95.0,51.0,12.0,44.0,13.0,61.0,44.0,52.0
61,A340_6943,0,2,2,2,2,2,2,2,1,1,1,1,1,2,1,1,1,1,1,1,1,1,1,1,2,0,0,0,0,0,0,1,0,0,0,2,0,0,0,0,0,2,2,2,2,2,12.0,10.0,30.0,25.0,50.0,31.0,62.0,21.0,29.0,40.0,14.0,35.0,41.0,63.0,20.0,50.0,13.0,35.0,20.0,40.0,51.0,36.0,23.0,7.0,34.0,31.0,43.0,20.0,49.0,25.0,15.0,51.0,56.0,64.0,18.0,32.0,22.0,64.0,31.0,23.0,49.0,10.0,38.0,66.0,57.0
62,A350_0441,1,2,2,2,2,2,2,2,1,1,1,1,1,2,1,1,1,1,1,1,1,1,1,1,2,0,0,0,0,0,0,1,0,0,0,2,0,0,0,0,0,2,2,2,2,2,27.0,56.0,41.0,31.0,66.0,12.0,24.0,63.0,61.0,21.0,66.0,47.0,27.0,57.0,54.0,18.0,57.0,11.0,43.0,29.0,37.0,63.0,35.0,15.0,22.0,50.0,19.0,26.0,29.0,43.0,26.0,54.0,34.0,64.0,39.0,50.0,49.0,60.0,61.0,31.0,31.0,44.0,42.0,19.0,18.0
63,A350_0500,1,2,2,2,2,2,2,2,1,1,1,1,1,2,1,1,1,1,1,1,1,1,1,1,2,0,0,0,0,0,0,1,0,0,0,2,0,0,0,0,0,2,2,2,2,2,26.0,40.0,17.0,34.0,8.0,25.0,18.0,55.0,33.0,30.0,66.0,24.0,21.0,48.0,26.0,56.0,38.0,11.0,36.0,8.0,35.0,34.0,14.0,48.0,18.0,35.0,66.0,14.0,43.0,44.0,24.0,45.0,48.0,61.0,17.0,45.0,19.0,64.0,63.0,47.0,61.0,57.0,52.0,42.0,54.0
64,A350_0643,0,2,2,2,2,2,2,2,1,1,1,1,1,2,1,1,1,1,1,1,1,1,1,1,2,0,0,0,0,0,0,1,0,0,0,2,0,0,0,0,0,2,2,2,2,2,14.0,70.0,25.0,13.0,63.0,57.0,57.0,51.0,64.0,45.0,45.0,61.0,42.0,21.0,64.0,29.0,70.0,61.0,16.0,34.0,40.0,38.0,18.0,53.0,43.0,12.0,22.0,42.0,15.0,55.0,48.0,13.0,51.0,37.0,43.0,24.0,45.0,87.0,17.0,34.0,47.0,30.0,32.0,41.0,58.0
65,A350_1177,0,2,2,2,2,2,2,2,1,1,1,1,1,2,1,1,1,1,1,1,1,1,1,1,2,0,0,0,0,0,0,1,0,0,0,2,0,0,0,0,0,2,2,2,2,2,33.0,20.0,24.0,23.0,38.0,40.0,18.0,40.0,28.0,47.0,11.0,25.0,14.0,60.0,10.0,40.0,23.0,58.0,62.0,45.0,7.0,37.0,28.0,36.0,15.0,45.0,44.0,27.0,45.0,46.0,31.0,53.0,11.0,51.0,54.0,7.0,28.0,66.0,41.0,58.0,56.0,26.0,35.0,22.0,17.0
66,A350_1689,0,2,2,2,2,2,2,2,1,1,1,1,1,2,1,1,1,1,1,1,1,1,1,1,2,0,0,0,0,0,0,1,0,0,0,2,0,0,0,0,0,2,2,2,2,2,54.0,54.0,16.0,35.0,17.0,52.0,34.0,65.0,63.0,58.0,38.0,57.0,44.0,21.0,18.0,27.0,39.0,49.0,59.0,18.0,39.0,37.0,27.0,64.0,16.0,40.0,36.0,65.0,36.0,69.0,12.0,62.0,21.0,32.0,66.0,34.0,52.0,87.0,14.0,56.0,30.0,25.0,24.0,56.0,52.0
67,A350_1889,2,2,2,2,2,2,2,2,1,1,1,1,1,2,1,1,1,1,1,1,1,1,1,1,2,0,0,0,0,0,0,1,0,0,0,2,0,0,0,0,0,2,2,2,2,2,36.0,55.0,32.0,51.0,61.0,68.0,24.0,35.0,56.0,24.0,22.0,23.0,20.0,14.0,24.0,37.0,12.0,17.0,55.0,23.0,18.0,31.0,56.0,51.0,37.0,34.0,63.0,48.0,50.0,67.0,60.0,28.0,46.0,18.0,34.0,59.0,65.0,97.0,11.0,67.0,26.0,23.0,20.0,24.0,14.0
68,A350_2655,0,2,2,2,2,2,2,2,1,1,1,1,1,2,1,1,1,1,1,1,1,1,1,1,2,0,0,0,0,0,0,1,0,0,0,2,0,0,0,0,0,2,2,2,2,2,35.0,68.0,20.0,48.0,65.0,49.0,37.0,53.0,69.0,20.0,14.0,52.0,45.0,66.0,63.0,36.0,62.0,42.0,22.0,23.0,25.0,31.0,12.0,20.0,17.0,57.0,63.0,15.0,45.0,42.0,8.0,39.0,51.0,29.0,51.0,59.0,50.0,52.0,11.0,61.0,21.0,35.0,62.0,16.0,26.0
69,A350_2804,0,2,2,2,2,2,2,2,1,1,1,1,1,2,1,1,1,1,1,1,1,1,1,1,2,0,0,0,0,0,0,1,0,0,0,2,0,0,0,0,0,2,2,2,2,2,33.0,53.0,33.0,30.0,26.0,49.0,26.0,13.0,33.0,62.0,22.0,13.0,43.0,47.0,32.0,56.0,10.0,41.0,45.0,45.0,12.0,62.0,68.0,44.0,19.0,65.0,64.0,42.0,61.0,31.0,30.0,16.0,55.0,55.0,19.0,65.0,12.0,91.0,17.0,50.0,35.0,29.0,18.0,60.0,19.0
70,A350_3122,0,2,2,2,2,2,2,2,1,1,1,1,1,2,1,1,1,1,1,1,1,1,1,1,2,0,0,0,0,0,0,1,0,0,0,2,0,0,0,0,0,2,2,2,2,2,15.0,54.0,19.0,63.0,40.0,10.0,34.0,33.0,59.0,14.0,23.0,34.0,40.0,27.0,9.0,65.0,67.0,38.0,30.0,51.0,37.0,62.0,31.0,31.0,52.0,27.0,50.0,47.0,10.0,44.0,6.0,28.0,20.0,62.0,22.0,66.0,59.0,74.0,26.0,27.0,46.0,40.0,57.0,13.0,20.0
71,A350_3976,0,2,2,2,2,2,2,2,1,1,1,1,1,2,1,1,1,1,1,1,1,1,1,1,2,0,0,0,0,0,0,1,0,0,0,2,0,0,0,0,0,2,2,2,2,2,23.0,68.0,47.0,25.0,50.0,19.0,40.0,49.0,27.0,51.0,37.0,33.0,32.0,64.0,15.0,57.0,48.0,16.0,68.0,35.0,46.0,53.0,50.0,61.0,57.0,54.0,65.0,62.0,12.0,59.0,59.0,34.0,13.0,53.0,27.0,55.0,30.0,64.0,68.0,11.0,41.0,24.0,16.0,24.0,43.0
72,A350_4039,0,2,2,2,2,2,2,2,1,1,1,1,1,2,1,1,1,1,1,1,1,1,1,1,2,0,0,0,0,0,0,1,0,0,0,2,0,0,0,0,0,2,2,2,2,2,11.0,69.0,16.0,54.0,25.0,46.0,11.0,32.0,68.0,20.0,34.0,38.0,38.0,67.0,22.0,20.0,48.0,49.0,45.0,39.0,37.0,40.0,10.0,36.0,10.0,58.0,21.0,17.0,40.0,37.0,62.0,23.0,68.0,13.0,42.0,41.0,44.0,49.0,13.0,25.0,40.0,45.0,40.0,68.0,66.0
73,A350_4603,1,2,2,2,2,2,2,2,1,1,1,1,1,2,1,1,1,1,1,1,1,1,1,1,2,0,0,0,0,0,0,1,0,0,0,2,0,0,0,0,0,2,2,2,2,2,44.0,48.0,41.0,33.0,6.0,12.0,26.0,28.0,18.0,39.0,47.0,60.0,49.0,49.0,30.0,64.0,10.0,63.0,30.0,46.0,16.0,33.0,20.0,39.0,24.0,23.0,29.0,62.0,33.0,48.0,65.0,65.0,36.0,39.0,54.0,30.0,48.0,35.0,49.0,63.0,60.0,51.0,64.0,36.0,43.0
74,A350_4789,1,2,2,2,2,2,2,2,1,1,1,1,1,2,1,1,1,1,1,1,1,1,1,1,2,0,0,0,0,0,0,1,0,0,0,2,0,0,0,0,0,2,2,2,2,2,16.0,37.0,17.0,15.0,11.0,47.0,63.0,36.0,48.0,17.0,58.0,35.0,60.0,61.0,41.0,22.0,63.0,22.0,37.0,51.0,11.0,24.0,49.0,34.0,20.0,51.0,32.0,60.0,57.0,10.0,7.0,62.0,44.0,51.0,41.0,51.0,25.0,10.0,56.0,61.0,37.0,13.0,55.0,65.0,44.0
75,A350_5434,0,2,2,2,2,2,2,2,1,1,1,1,1,2,1,1,1,1,1,1,1,1,1,1,2,0,0,0,0,0,0,1,0,0,0,2,0,0,0,0,0,2,2,2,2,2,8.0,11.0,61.0,39.0,55.0,22.0,21.0,59.0,55.0,28.0,23.0,31.0,30.0,34.0,55.0,52.0,62.0,62.0,27.0,13.0,58.0,18.0,28.0,5.0,6.0,43.0,36.0,13.0,49.0,52.0,58.0,41.0,31.0,33.0,9.0,58.0,31.0,82.0,20.0,35.0,13.0,52.0,12.0,32.0,38.0
76,A350_5568,0,2,2,2,2,2,2,2,1,1,1,1,1,2,1,1,1,1,1,1,1,1,1,1,2,0,0,0,0,0,0,1,0,0,0,2,0,0,0,0,0,2,2,2,2,2,59.0,8.0,8.0,15.0,26.0,21.0,34.0,50.0,10.0,12.0,23.0,27.0,26.0,16.0,56.0,36.0,29.0,44.0,17.0,27.0,26.0,37.0,30.0,57.0,59.0,18.0,36.0,26.0,20.0,10.0,42.0,31.0,12.0,19.0,28.0,32.0,58.0,85.0,16.0,58.0,13.0,56.0,6.0,63.0,38.0
77,A350_5987,0,2,2,2,2,2,2,2,1,1,1,1,1,2,1,1,1,1,1,1,1,1,1,1,2,0,0,0,0,0,0,1,0,0,0,2,0,0,0,0,0,2,2,2,2,2,23.0,9.0,15.0,24.0,57.0,52.0,20.0,54.0,13.0,15.0,68.0,49.0,13.0,39.0,67.0,61.0,53.0,14.0,35.0,52.0,17.0,33.0,12.0,61.0,8.0,13.0,42.0,33.0,8.0,54.0,59.0,34.0,36.0,52.0,46.0,26.0,33.0,17.0,19.0,61.0,42.0,60.0,52.0,15.0,31.0
78,A350_6031,0,2,2,2,2,2,2,2,1,1,1,1,1,2,1,1,1,1,1,1,1,1,1,1,2,0,0,0,0,0,0,1,0,0,0,2,0,0,0,0,0,2,2,2,2,2,36.0,26.0,62.0,37.0,53.0,50.0,13.0,63.0,52.0,31.0,18.0,58.0,23.0,22.0,69.0,38.0,46.0,30.0,60.0,71.0,68.0,50.0,33.0,62.0,50.0,18.0,65.0,50.0,44.0,32.0,19.0,62.0,47.0,69.0,36.0,19.0,51.0,25.0,28.0,60.0,16.0,30.0,22.0,46.0,42.0
79,A350_6092,2,2,2,2,2,2,2,2,1,1,1,1,1,2,1,1,1,1,1,1,1,1,1,1,2,0,0,0,0,0,0,1,0,0,0,2,0,0,0,0,0,2,2,2,2,2,42.0,15.0,16.0,25.0,12.0,31.0,51.0,19.0,68.0,31.0,24.0,61.0,10.0,52.0,44.0,21.0,33.0,18.0,62.0,32.0,16.0,38.0,11.0,48.0,47.0,44.0,70.0,17.0,52.0,60.0,64.0,27.0,59.0,59.0,23.0,53.0,57.0,100.0,13.0,29.0,66.0,25.0,59.0,58.0,55.0
80,A350_6305,0,2,2,2,2,2,2,2,1,1,1,1,1,2,1,1,1,1,1,1,1,1,1,1,2,0,0,0,0,0,0,1,0,0,0,2,0,0,0,0,0,2,2,2,2,2,19.0,30.0,35.0,64.0,27.0,44.0,7.0,54.0,63.0,39.0,37.0,15.0,15.0,22.0,17.0,11.0,54.0,56.0,54.0,19.0,37.0,34.0,31.0,54.0,31.0,8.0,28.0,57.0,40.0,40.0,8.0,40.0,35.0,32.0,14.0,56.0,64.0,80.0,31.0,41.0,33.0,30.0,14.0,11.0,35.0
81,A350_6452,1,2,2,2,2,2,2,2,1,1,1,1,1,2,1,1,1,1,1,1,1,1,1,1,2,0,0,0,0,0,0,1,0,0,0,2,0,0,0,0,0,2,2,2,2,2,8.0,53.0,7.0,45.0,9.0,51.0,41.0,21.0,33.0,63.0,28.0,30.0,62.0,65.0,61.0,14.0,67.0,21.0,53.0,29.0,50.0,66.0,26.0,12.0,63.0,61.0,24.0,41.0,32.0,58.0,24.0,18.0,67.0,58.0,14.0,61.0,23.0,84.0,49.0,33.0,42.0,29.0,25.0,12.0,8.0
82,A350_6495,1,2,2,2,2,2,2,2,1,1,1,1,1,2,1,1,1,1,1,1,1,1,1,1,2,0,0,0,0,0,0,1,0,0,0,2,0,0,0,0,0,2,2,2,2,2,39.0,13.0,42.0,63.0,37.0,32.0,32.0,19.0,48.0,46.0,26.0,54.0,29.0,34.0,43.0,28.0,44.0,48.0,42.0,19.0,39.0,16.0,33.0,47.0,64.0,53.0,35.0,58.0,51.0,62.0,57.0,27.0,51.0,17.0,52.0,17.0,38.0,84.0,29.0,38.0,37.0,46.0,46.0,60.0,28.0
83,A350_6902,0,2,2,2,2,2,2,2,1,1,1,1,1,2,1,1,1,1,1,1,1,1,1,1,2,0,0,0,0,0,0,1,0,0,0,2,0,0,0,0,0,2,2,2,2,2,9.0,63.0,62.0,7.0,57.0,61.0,29.0,29.0,40.0,23.0,61.0,55.0,63.0,55.0,16.0,57.0,19.0,26.0,63.0,47.0,29.0,33.0,65.0,38.0,32.0,27.0,39.0,16.0,65.0,7.0,16.0,24.0,32.0,22.0,63.0,45.0,52.0,75.0,41.0,44.0,42.0,16.0,13.0,59.0,12.0
84,A380_0178,2,2,2,2,2,2,2,2,1,1,1,1,1,2,1,1,1,1,1,1,1,1,1,1,2,0,0,0,0,0,0,1,0,0,0,2,0,0,0,0,0,2,2,2,2,2,53.0,63.0,46.0,41.0,68.0,55.0,22.0,44.0,15.0,15.0,62.0,61.0,33.0,51.0,46.0,26.0,54.0,37.0,10.0,16.0,30.0,49.0,22.0,43.0,31.0,41.0,71.0,45.0,54.0,25.0,35.0,25.0,38.0,66.0,24.0,46.0,29.0,100.0,24.0,39.0,37.0,27.0,60.0,70.0,56.0
85,A380_0415,1,2,2,2,2,2,2,2,1,1,1,1,1,2,1,1,1,1,1,1,1,1,1,1,2,0,0,0,0,0,0,1,0,0,0,2,0,0,0,0,0,2,2,2,2,2,43.0,27.0,58.0,38.0,14.0,25.0,34.0,59.0,58.0,47.0,62.0,61.0,47.0,15.0,44.0,32.0,57.0,28.0,7.0,11.0,64.0,26.0,58.0,23.0,57.0,65.0,46.0,57.0,66.0,7.0,44.0,48.0,61.0,38.0,45.0,40.0,10.0,73.0,11.0,59.0,53.0,41.0,49.0,63.0,21.0
86,A380_0553,1,2,2,2,2,2,2,2,1,1,1,1,1,2,1,1,1,1,1,1,1,1,1,1,2,0,0,0,0,0,0,1,0,0,0,2,0,0,0,0,0,2,2,2,2,2,58.0,23.0,55.0,10.0,60.0,15.0,56.0,19.0,42.0,46.0,59.0,43.0,51.0,33.0,57.0,23.0,9.0,44.0,50.0,15.0,28.0,33.0,31.0,15.0,46.0,65.0,27.0,65.0,30.0,50.0,35.0,36.0,56.0,53.0,41.0,38.0,10.0,55.0,49.0,7.0,34.0,47.0,19.0,49.0,15.0
87,A380_0594,0,2,2,2,2,2,2,2,1,1,1,1,1,2,1,1,1,1,1,1,1,1,1,1,2,0,0,0,0,0,0,1,0,0,0,2,0,0,0,0,0,2,2,2,2,2,31.0,49.0,31.0,57.0,36.0,63.0,40.0,31.0,24.0,29.0,54.0,12.0,67.0,65.0,57.0,37.0,35.0,58.0,45.0,24.0,14.0,44.0,59.0,20.0,69.0,11.0,54.0,48.0,44.0,44.0,28.0,50.0,57.0,43.0,44.0,29.0,69.0,13.0,49.0,48.0,59.0,37.0,54.0,20.0,31.0
88,A380_0710,0,2,2,2,2,2,2,2,1,1,1,1,1,2,1,1,1,1,1,1,1,1,1,1,2,0,0,0,0,0,0,1,0,0,0,2,0,0,0,0,0,2,2,2,2,2,50.0,32.0,23.0,61.0,52.0,23.0,62.0,43.0,56.0,57.0,73.0,36.0,45.0,15.0,35.0,16.0,33.0,47.0,20.0,24.0,23.0,36.0,16.0,32.0,72.0,67.0,19.0,72.0,21.0,40.0,26.0,23.0,59.0,58.0,26.0,15.0,55.0,9.0,43.0,38.0,30.0,43.0,30.0,38.0,19.0
89,A380_2017,0,2,2,2,2,2,2,2,1,1,1,1,1,2,1,1,1,1,1,1,1,1,1,1,2,0,0,0,0,0,0,1,0,0,0,2,0,0,0,0,0,2,2,2,2,2,53.0,53.0,49.0,21.0,17.0,36.0,64.0,71.0,56.0,48.0,11.0,21.0,29.0,38.0,47.0,47.0,47.0,42.0,10.0,52.0,22.0,52.0,41.0,64.0,67.0,56.0,13.0,53.0,33.0,10.0,10.0,52.0,58.0,22.0,53.0,53.0,50.0,14.0,36.0,28.0,62.0,10.0,28.0,21.0,45.0
90,A380_2079,0,2,2,2,2,2,2,2,1,1,1,1,1,2,1,1,1,1,1,1,1,1,1,1,2,0,0,0,0,0,0,1,0,0,0,2,0,0,0,0,0,2,2,2,2,2,67.0,61.0,23.0,9.0,17.0,46.0,56.0,57.0,59.0,39.0,45.0,54.0,59.0,44.0,13.0,24.0,27.0,21.0,66.0,49.0,15.0,13.0,25.0,26.0,45.0,15.0,59.0,54.0,13.0,40.0,54.0,52.0,33.0,18.0,24.0,61.0,40.0,15.0,48.0,37.0,22.0,12.0,39.0,10.0,10.0
91,A380_3155,0,2,2,2,2,2,2,2,1,1,1,1,1,2,1,1,1,1,1,1,1,1,1,1,2,0,0,0,0,0,0,1,0,0,0,2,0,0,0,0,0,2,2,2,2,2,67.0,14.0,55.0,43.0,65.0,36.0,63.0,54.0,52.0,38.0,34.0,13.0,38.0,38.0,66.0,47.0,29.0,26.0,47.0,25.0,28.0,61.0,40.0,23.0,12.0,56.0,35.0,67.0,13.0,45.0,68.0,44.0,27.0,63.0,31.0,54.0,13.0,85.0,18.0,41.0,34.0,44.0,18.0,64.0,27.0
92,A380_3162,0,2,2,2,2,2,2,2,1,1,1,1,1,2,1,1,1,1,1,1,1,1,1,1,2,0,0,0,0,0,0,1,0,0,0,2,0,0,0,0,0,2,2,2,2,2,18.0,16.0,40.0,9.0,21.0,47.0,54.0,48.0,24.0,19.0,24.0,60.0,66.0,9.0,9.0,24.0,55.0,41.0,24.0,16.0,67.0,54.0,31.0,48.0,9.0,52.0,65.0,12.0,66.0,67.0,8.0,40.0,55.0,47.0,69.0,47.0,43.0,56.0,54.0,25.0,50.0,40.0,33.0,67.0,43.0
93,A380_3607,0,2,2,2,2,2,2,2,1,1,1,1,1,2,1,1,1,1,1,1,1,1,1,1,2,0,0,0,0,0,0,1,0,0,0,2,0,0,0,0,0,2,2,2,2,2,16.0,57.0,18.0,61.0,44.0,54.0,51.0,38.0,35.0,8.0,38.0,54.0,61.0,25.0,55.0,32.0,20.0,31.0,43.0,61.0,17.0,26.0,22.0,35.0,43.0,12.0,65.0,34.0,31.0,24.0,61.0,7.0,38.0,8.0,59.0,18.0,57.0,52.0,26.0,35.0,20.0,17.0,25.0,30.0,34.0
94,A380_4294,0,2,2,2,2,2,2,2,1,1,1,1,1,2,1,1,1,1,1,1,1,1,1,1,2,0,0,0,0,0,0,1,0,0,0,2,0,0,0,0,0,2,2,2,2,2,39.0,52.0,55.0,19.0,49.0,32.0,66.0,31.0,66.0,49.0,59.0,26.0,62.0,11.0,46.0,24.0,39.0,12.0,40.0,45.0,25.0,63.0,29.0,56.0,37.0,33.0,37.0,12.0,33.0,25.0,34.0,62.0,41.0,38.0,30.0,10.0,32.0,68.0,25.0,36.0,20.0,17.0,19.0,32.0,9.0
95,A380_5199,0,2,2,2,2,2,2,2,1,1,1,1,1,2,1,1,1,1,1,1,1,1,1,1,2,0,0,0,0,0,0,1,0,0,0,2,0,0,0,0,0,2,2,2,2,2,67.0,16.0,46.0,56.0,42.0,47.0,17.0,25.0,51.0,59.0,33.0,41.0,19.0,13.0,22.0,35.0,22.0,13.0,10.0,44.0,51.0,24.0,20.0,20.0,15.0,68.0,26.0,61.0,10.0,32.0,25.0,31.0,25.0,55.0,36.0,57.0,33.0,70.0,60.0,67.0,15.0,49.0,40.0,60.0,48.0
96,A380_6121,0,2,2,2,2,2,2,2,1,1,1,1,1,2,1,1,1,1,1,1,1,1,1,1,2,0,0,0,0,0,0,1,0,0,0,2,0,0,0,0,0,2,2,2,2,2,50.0,48.0,15.0,64.0,51.0,67.0,47.0,35.0,12.0,55.0,40.0,11.0,35.0,6.0,54.0,32.0,18.0,11.0,14.0,64.0,66.0,52.0,45.0,23.0,60.0,11.0,34.0,36.0,30.0,46.0,37.0,60.0,25.0,62.0,19.0,60.0,38.0,89.0,50.0,45.0,49.0,55.0,55.0,34.0,58.0
97,A380_6283,1,2,2,2,2,2,2,2,1,1,1,1,1,2,1,1,1,1,1,1,1,1,1,1,2,0,0,0,0,0,0,1,0,0,0,2,0,0,0,0,0,2,2,2,2,2,15.0,44.0,12.0,68.0,59.0,67.0,28.0,56.0,44.0,63.0,67.0,49.0,50.0,17.0,34.0,61.0,32.0,36.0,8.0,10.0,12.0,57.0,8.0,16.0,37.0,12.0,56.0,26.0,62.0,19.0,49.0,19.0,17.0,22.0,22.0,36.0,62.0,77.0,23.0,42.0,32.0,11.0,53.0,50.0,11.0
98,A380_6878,0,2,2,2,2,2,2,2,1,1,1,1,1,2,1,1,1,1,1,1,1,1,1,1,2,0,0,0,0,0,0,1,0,0,0,2,0,0,0,0,0,2,2,2,2,2,32.0,14.0,10.0,11.0,31.0,26.0,57.0,19.0,53.0,66.0,54.0,11.0,58.0,16.0,57.0,58.0,10.0,24.0,8.0,45.0,55.0,13.0,41.0,34.0,66.0,16.0,44.0,54.0,45.0,16.0,22.0,19.0,32.0,24.0,60.0,57.0,59.0,11.0,48.0,45.0,41.0,49.0,23.0,29.0,44.0
99,A380_6907,0,2,2,2,2,2,2,2,1,1,1,1,1,2,1,1,1,1,1,1,1,1,1,1,2,0,0,0,0,0,0,1,0,0,0,2,0,0,0,0,0,2,2,2,2,2,28.0,13.0,52.0,53.0,67.0,52.0,61.0,47.0,53.0,47.0,17.0,10.0,65.0,15.0,27.0,45.0,35.0,30.0,28.0,45.0,13.0,42.0,34.0,37.0,19.0,49.0,25.0,30.0,42.0,58.0,66.0,34.0,18.0,54.0,50.0,49.0,42.0,64.0,60.0,51.0,26.0,38.0,66.0,68.0,39.0
100,A380_6924,1,2,2,2,2,2,2,2,1,1,1,1,1,2,1,1,1,1,1,1,1,1,1,1,2,0,0,0,0,0,0,1,0,0,0,2,0,0,0,0,0,2,2,2,2,2,43.0,26.0,5.0,40.0,42.0,38.0,45.0,46.0,11.0,51.0,24.0,23.0,61.0,50.0,16.0,45.0,41.0,21.0,42.0,59.0,32.0,59.0,54.0,58.0,31.0,54.0,17.0,38.0,48.0,27.0,26.0,53.0,18.0,12.0,59.0,13.0,10.0,74.0,14.0,32.0,45.0,21.0,13.0,7.0,6.0
101,B737_0616,1,2,2,2,2,2,2,2,1,1,1,1,1,2,1,1,1,1,1,1,1,1,1,1,2,0,0,0,0,0,0,1,0,0,0,2,0,0,0,0,0,2,2,2,2,2,8.0,47.0,15.0,12.0,25.0,37.0,14.0,67.0,66.0,38.0,60.0,28.0,62.0,11.0,43.0,24.0,12.0,38.0,36.0,35.0,27.0,9.0,30.0,14.0,56.0,20.0,43.0,59.0,12.0,60.0,40.0,21.0,62.0,40.0,48.0,11.0,17.0,45.0,8.0,24.0,16.0,36.0,8.0,60.0,46.0
102,B737_0789,2,2,2,2,2,2,2,2,1,1,1,1,1,2,1,1,1,1,1,1,1,1,1,1,2,0,0,0,0,0,0,1,0,0,0,2,0,0,0,0,0,2,2,2,2,2,19.0,29.0,23.0,43.0,11.0,20.0,59.0,13.0,29.0,9.0,10.0,66.0,66.0,34.0,27.0,38.0,62.0,33.0,18.0,54.0,49.0,31.0,55.0,23.0,36.0,41.0,48.0,35.0,50.0,43.0,33.0,52.0,9.0,30.0,11.0,32.0,49.0,95.0,55.0,17.0,64.0,21.0,56.0,11.0,53.0
103,B737_0940,0,2,2,2,2,2,2,2,1,1,1,1,1,2,1,1,1,1,1,1,1,1,1,1,2,0,0,0,0,0,0,1,0,0,0,2,0,0,0,0,0,2,2,2,2,2,44.0,48.0,50.0,65.0,48.0,47.0,23.0,24.0,26.0,64.0,9.0,55.0,28.0,11.0,54.0,18.0,64.0,62.0,55.0,50.0,11.0,26.0,13.0,33.0,19.0,53.0,19.0,30.0,13.0,12.0,31.0,45.0,32.0,40.0,67.0,65.0,20.0,85.0,23.0,10.0,10.0,51.0,61.0,41.0,14.0
104,B737_1117,0,2,2,2,2,2,2,2,1,1,1,1,1,2,1,1,1,1,1,1,1,1,1,1,2,0,0,0,0,0,0,1,0,0,0,2,0,0,0,0,0,2,2,2,2,2,52.0,50.0,65.0,36.0,30.0,42.0,61.0,53.0,12.0,29.0,55.0,41.0,13.0,19.0,24.0,25.0,20.0,34.0,27.0,26.0,37.0,42.0,56.0,46.0,40.0,27.0,24.0,60.0,26.0,55.0,31.0,50.0,17.0,7.0,54.0,27.0,17.0,71.0,42.0,47.0,31.0,47.0,45.0,66.0,34.0
105,B737_1256,0,2,2,2,2,2,2,2,1,1,1,1,1,2,1,1,1,1,1,1,1,1,1,1,2,0,0,0,0,0,0,1,0,0,0,2,0,0,0,0,0,2,2,2,2,2,59.0,66.0,38.0,15.0,56.0,35.0,14.0,14.0,68.0,57.0,33.0,28.0,56.0,63.0,43.0,58.0,50.0,43.0,25.0,37.0,25.0,47.0,64.0,23.0,13.0,48.0,42.0,58.0,53.0,45.0,58.0,66.0,70.0,48.0,12.0,17.0,49.0,53.0,42.0,69.0,53.0,18.0,17.0,51.0,66.0
106,B737_1524,0,2,2,2,2,2,2,2,1,1,1,1,1,2,1,1,1,1,1,1,1,1,1,1,2,0,0,0,0,0,0,1,0,0,0,2,0,0,0,0,0,2,2,2,2,2,11.0,68.0,23.0,68.0,22.0,32.0,12.0,68.0,23.0,51.0,26.0,56.0,10.0,8.0,29.0,42.0,43.0,10.0,43.0,49.0,21.0,24.0,24.0,13.0,68.0,39.0,24.0,12.0,25.0,14.0,26.0,32.0,26.0,56.0,23.0,27.0,20.0,17.0,22.0,28.0,48.0,29.0,37.0,53.0,60.0
107,B737_1936,0,2,2,2,2,2,2,2,1,1,1,1,1,2,1,1,1,1,1,1,1,1,1,1,2,0,0,0,0,0,0,1,0,0,0,2,0,0,0,0,0,2,2,2,2,2,13.0,41.0,39.0,37.0,9.0,43.0,36.0,17.0,53.0,59.0,63.0,61.0,21.0,56.0,35.0,37.0,61.0,37.0,36.0,38.0,30.0,23.0,22.0,61.0,10.0,35.0,65.0,57.0,39.0,49.0,42.0,21.0,41.0,48.0,36.0,52.0,15.0,59.0,65.0,34.0,60.0,27.0,63.0,53.0,17.0
108,B737_2262,0,2,2,2,2,2,2,2,1,1,1,1,1,2,1,1,1,1,1,1,1,1,1,1,2,0,0,0,0,0,0,1,0,0,0,2,0,0,0,0,0,2,2,2,2,2,66.0,21.0,45.0,57.0,44.0,17.0,29.0,41.0,16.0,29.0,48.0,37.0,27.0,61.0,59.0,17.0,67.0,52.0,53.0,52.0,28.0,44.0,64.0,40.0,35.0,25.0,65.0,49.0,44.0,52.0,30.0,10.0,59.0,36.0,64.0,41.0,69.0,8.0,31.0,15.0,42.0,38.0,36.0,68.0,33.0
109,B737_2975,2,2,2,2,2,2,2,2,1,1,1,1,1,2,1,1,1,1,1,1,1,1,1,1,2,0,0,0,0,0,0,1,0,0,0,2,0,0,0,0,0,2,2,2,2,2,31.0,56.0,63.0,40.0,13.0,24.0,41.0,53.0,8.0,46.0,14.0,9.0,49.0,22.0,11.0,21.0,59.0,36.0,52.0,40.0,27.0,62.0,49.0,15.0,34.0,17.0,67.0,64.0,30.0,10.0,61.0,17.0,19.0,35.0,42.0,64.0,57.0,98.0,47.0,49.0,10.0,46.0,32.0,28.0,59.0
110,B737_3303,3,2,2,2,2,2,2,2,1,1,1,1,1,2,1,1,1,1,1,1,1,1,1,1,2,0,0,0,0,0,0,1,0,0,0,2,0,0,0,0,0,2,2,2,2,2,51.0,21.0,36.0,60.0,33.0,50.0,9.0,13.0,14.0,30.0,14.0,7.0,44.0,15.0,54.0,41.0,45.0,22.0,8.0,63.0,49.0,13.0,12.0,19.0,33.0,53.0,41.0,47.0,40.0,61.0,35.0,37.0,15.0,34.0,20.0,60.0,45.0,83.0,9.0,17.0,46.0,36.0,18.0,53.0,23.0
111,B737_3924,0,2,2,2,2,2,2,2,1,1,1,1,1,2,1,1,1,1,1,1,1,1,1,1,2,0,0,0,0,0,0,1,0,0,0,2,0,0,0,0,0,2,2,2,2,2,59.0,66.0,52.0,50.0,40.0,9.0,14.0,39.0,59.0,33.0,12.0,57.0,61.0,63.0,20.0,31.0,6.0,9.0,41.0,43.0,26.0,40.0,45.0,49.0,6.0,40.0,44.0,62.0,31.0,39.0,58.0,16.0,26.0,25.0,40.0,21.0,56.0,70.0,24.0,60.0,12.0,53.0,36.0,64.0,29.0
112,B737_4369,0,2,2,2,2,2,2,2,1,1,1,1,1,2,1,1,1,1,1,1,1,1,1,1,2,0,0,0,0,0,0,1,0,0,0,2,0,0,0,0,0,2,2,2,2,2,64.0,60.0,42.0,57.0,24.0,30.0,38.0,28.0,11.0,57.0,46.0,37.0,22.0,53.0,59.0,40.0,55.0,28.0,59.0,38.0,11.0,26.0,6.0,54.0,10.0,11.0,24.0,55.0,49.0,33.0,37.0,39.0,29.0,55.0,57.0,13.0,42.0,77.0,65.0,64.0,7.0,49.0,38.0,8.0,26.0
113,B737_5581,1,2,2,2,2,2,2,2,1,1,1,1,1,2,1,1,1,1,1,1,1,1,1,1,2,0,0,0,0,0,0,1,0,0,0,2,0,0,0,0,0,2,2,2,2,2,56.0,35.0,29.0,49.0,62.0,22.0,36.0,33.0,59.0,41.0,44.0,21.0,66.0,9.0,36.0,56.0,44.0,12.0,39.0,42.0,54.0,36.0,49.0,48.0,22.0,13.0,22.0,21.0,11.0,17.0,51.0,48.0,12.0,54.0,38.0,38.0,52.0,52.0,19.0,18.0,61.0,25.0,37.0,51.0,32.0
114,B747_0262,0,2,2,2,2,2,2,2,1,1,1,1,1,2,1,1,1,1,1,1,1,1,1,1,2,0,0,0,0,0,0,1,0,0,0,2,0,0,0,0,0,2,2,2,2,2,16.0,56.0,67.0,60.0,29.0,32.0,23.0,27.0,33.0,46.0,61.0,14.0,45.0,48.0,31.0,57.0,49.0,30.0,54.0,23.0,44.0,23.0,13.0,25.0,48.0,19.0,19.0,64.0,44.0,17.0,7.0,29.0,67.0,40.0,24.0,9.0,66.0,60.0,35.0,30.0,43.0,29.0,65.0,14.0,23.0
115,B747_0442,0,2,2,2,2,2,2,2,1,1,1,1,1,2,1,1,1,1,1,1,1,1,1,1,2,0,0,0,0,0,0,1,0,0,0,2,0,0,0,0,0,2,2,2,2,2,29.0,21.0,43.0,13.0,40.0,34.0,35.0,69.0,21.0,50.0,31.0,42.0,51.0,25.0,52.0,55.0,59.0,43.0,65.0,17.0,53.0,30.0,10.0,65.0,61.0,17.0,62.0,26.0,51.0,28.0,33.0,51.0,21.0,52.0,22.0,57.0,69.0,70.0,46.0,37.0,10.0,39.0,67.0,54.0,53.0
116,B747_0472,0,2,2,2,2,2,2,2,1,1,1,1,1,2,1,1,1,1,1,1,1,1,1,1,2,0,0,0,0,0,0,1,0,0,0,2,0,0,0,0,0,2,2,2,2,2,59.0,40.0,43.0,61.0,57.0,52.0,41.0,19.0,37.0,18.0,49.0,21.0,8.0,21.0,31.0,56.0,60.0,36.0,55.0,10.0,44.0,16.0,33.0,29.0,47.0,46.0,35.0,27.0,40.0,60.0,36.0,32.0,54.0,65.0,59.0,31.0,61.0,52.0,39.0,21.0,45.0,24.0,54.0,18.0,6.0
117,B747_1460,1,2,2,2,2,2,2,2,1,1,1,1,1,2,1,1,1,1,1,1,1,1,1,1,2,0,0,0,0,0,0,1,0,0,0,2,0,0,0,0,0,2,2,2,2,2,33.0,38.0,34.0,60.0,51.0,11.0,42.0,68.0,12.0,46.0,13.0,18.0,30.0,40.0,36.0,38.0,69.0,20.0,40.0,38.0,26.0,32.0,68.0,47.0,15.0,41.0,32.0,68.0,27.0,20.0,29.0,38.0,56.0,16.0,44.0,44.0,25.0,91.0,38.0,28.0,23.0,36.0,47.0,28.0,10.0
118,B747_1988,0,2,2,2,2,2,2,2,1,1,1,1,1,2,1,1,1,1,1,1,1,1,1,1,2,0,0,0,0,0,0,1,0,0,0,2,0,0,0,0,0,2,2,2,2,2,29.0,63.0,40.0,19.0,22.0,52.0,22.0,53.0,58.0,21.0,36.0,43.0,37.0,54.0,47.0,18.0,17.0,40.0,33.0,59.0,51.0,12.0,28.0,43.0,13.0,38.0,38.0,55.0,55.0,36.0,13.0,11.0,37.0,33.0,21.0,13.0,61.0,47.0,35.0,54.0,66.0,32.0,57.0,8.0,26.0
119,B747_2389,0,2,2,2,2,2,2,2,1,1,1,1,1,2,1,1,1,1,1,1,1,1,1,1,2,0,0,0,0,0,0,1,0,0,0,2,0,0,0,0,0,2,2,2,2,2,34.0,14.0,25.0,12.0,49.0,14.0,54.0,58.0,56.0,26.0,14.0,67.0,19.0,35.0,42.0,15.0,42.0,20.0,49.0,14.0,32.0,38.0,53.0,39.0,61.0,19.0,22.0,59.0,59.0,29.0,22.0,45.0,66.0,36.0,24.0,22.0,42.0,87.0,36.0,49.0,64.0,56.0,60.0,30.0,65.0
120,B747_2659,0,2,2,2,2,2,2,2,1,1,1,1,1,2,1,1,1,1,1,1,1,1,1,1,2,0,0,0,0,0,0,1,0,0,0,2,0,0,0,0,0,2,2,2,2,2,6.0,34.0,49.0,8.0,23.0,29.0,49.0,29.0,8.0,44.0,36.0,43.0,15.0,13.0,56.0,54.0,41.0,24.0,47.0,11.0,34.0,35.0,63.0,41.0,9.0,58.0,39.0,60.0,37.0,27.0,7.0,30.0,53.0,18.0,11.0,56.0,16.0,51.0,39.0,44.0,53.0,59.0,47.0,50.0,25.0
121,B747_2724,0,2,2,2,2,2,2,2,1,1,1,1,1,2,1,1,1,1,1,1,1,1,1,1,2,0,0,0,0,0,0,1,0,0,0,2,0,0,0,0,0,2,2,2,2,2,25.0,59.0,50.0,68.0,39.0,71.0,45.0,54.0,14.0,35.0,65.0,51.0,25.0,39.0,34.0,15.0,16.0,20.0,61.0,41.0,54.0,57.0,20.0,19.0,30.0,36.0,50.0,34.0,38.0,18.0,39.0,14.0,27.0,49.0,13.0,51.0,20.0,89.0,21.0,34.0,67.0,55.0,53.0,64.0,52.0
122,B747_2846,0,2,2,2,2,2,2,2,1,1,1,1,1,2,1,1,1,1,1,1,1,1,1,1,2,0,0,0,0,0,0,1,0,0,0,2,0,0,0,0,0,2,2,2,2,2,20.0,44.0,10.0,31.0,43.0,62.0,10.0,49.0,27.0,61.0,14.0,10.0,53.0,8.0,52.0,33.0,9.0,44.0,53.0,37.0,27.0,24.0,42.0,62.0,46.0,14.0,15.0,44.0,37.0,53.0,8.0,23.0,14.0,43.0,41.0,31.0,62.0,84.0,33.0,28.0,65.0,38.0,37.0,65.0,54.0
123,B747_3165,0,2,2,2,2,2,2,2,1,1,1,1,1,2,1,1,1,1,1,1,1,1,1,1,2,0,0,0,0,0,0,1,0,0,0,2,0,0,0,0,0,2,2,2,2,2,45.0,59.0,59.0,32.0,54.0,67.0,28.0,54.0,39.0,36.0,46.0,60.0,24.0,10.0,27.0,47.0,68.0,18.0,67.0,61.0,33.0,42.0,59.0,31.0,53.0,51.0,18.0,63.0,30.0,53.0,23.0,50.0,49.0,43.0,42.0,55.0,19.0,21.0,61.0,56.0,61.0,10.0,63.0,18.0,62.0
124,B747_4007,1,2,2,2,2,2,2,2,1,1,1,1,1,2,1,1,1,1,1,1,1,1,1,1,2,0,0,0,0,0,0,1,0,0,0,2,0,0,0,0,0,2,2,2,2,2,49.0,26.0,24.0,18.0,20.0,15.0,53.0,47.0,51.0,44.0,60.0,31.0,40.0,12.0,33.0,35.0,48.0,61.0,31.0,26.0,17.0,64.0,48.0,50.0,12.0,62.0,49.0,48.0,29.0,58.0,16.0,40.0,47.0,67.0,29.0,28.0,43.0,24.0,54.0,46.0,40.0,28.0,16.0,19.0,22.0
125,B747_4152,2,2,2,2,2,2,2,2,1,1,1,1,1,2,1,1,1,1,1,1,1,1,1,1,2,0,0,0,0,0,0,1,0,0,0,2,0,0,0,0,0,2,2,2,2,2,22.0,37.0,34.0,32.0,56.0,46.0,63.0,48.0,39.0,27.0,9.0,45.0,33.0,45.0,15.0,60.0,15.0,50.0,40.0,47.0,43.0,15.0,41.0,65.0,34.0,46.0,34.0,55.0,12.0,42.0,29.0,19.0,33.0,20.0,52.0,35.0,67.0,98.0,40.0,62.0,42.0,19.0,56.0,46.0,59.0
126,B747_4211,1,2,2,2,2,2,2,2,1,1,1,1,1,2,1,1,1,1,1,1,1,1,1,1,2,0,0,0,0,0,0,1,0,0,0,2,0,0,0,0,0,2,2,2,2,2,23.0,27.0,58.0,44.0,65.0,28.0,16.0,45.0,21.0,49.0,45.0,42.0,61.0,36.0,64.0,43.0,9.0,49.0,7.0,37.0,63.0,26.0,52.0,16.0,61.0,20.0,41.0,59.0,26.0,47.0,40.0,40.0,68.0,43.0,22.0,30.0,37.0,9.0,19.0,16.0,64.0,54.0,58.0,28.0,66.0
127,B747_4659,0,2,2,2,2,2,2,2,1,1,1,1,1,2,1,1,1,1,1,1,1,1,1,1,2,0,0,0,0,0,0,1,0,0,0,2,0,0,0,0,0,2,2,2,2,2,51.0,63.0,27.0,17.0,9.0,12.0,35.0,13.0,30.0,26.0,9.0,27.0,24.0,7.0,39.0,26.0,51.0,53.0,56.0,26.0,15.0,45.0,44.0,25.0,38.0,35.0,51.0,56.0,19.0,55.0,18.0,66.0,54.0,18.0,67.0,29.0,26.0,55.0,37.0,21.0,27.0,34.0,41.0,27.0,65.0
128,B747_4725,0,2,2,2,2,2,2,2,1,1,1,1,1,2,1,1,1,1,1,1,1,1,1,1,2,0,0,0,0,0,0,1,0,0,0,2,0,0,0,0,0,2,2,2,2,2,55.0,29.0,28.0,50.0,21.0,17.0,41.0,25.0,59.0,17.0,63.0,24.0,18.0,50.0,46.0,31.0,47.0,33.0,35.0,68.0,59.0,10.0,47.0,15.0,35.0,45.0,62.0,68.0,30.0,47.0,65.0,33.0,62.0,69.0,34.0,17.0,29.0,91.0,36.0,64.0,45.0,16.0,23.0,52.0,30.0
129,B747_4824,0,2,2,2,2,2,2,2,1,1,1,1,1,2,1,1,1,1,1,1,1,1,1,1,2,0,0,0,0,0,0,1,0,0,0,2,0,0,0,0,0,2,2,2,2,2,50.0,52.0,36.0,19.0,65.0,56.0,43.0,13.0,44.0,53.0,35.0,32.0,24.0,10.0,39.0,48.0,26.0,8.0,35.0,18.0,44.0,47.0,51.0,57.0,56.0,59.0,69.0,42.0,42.0,60.0,20.0,63.0,27.0,62.0,13.0,53.0,9.0,59.0,37.0,10.0,50.0,46.0,21.0,13.0,39.0
130,B747_5273,0,2,2,2,2,2,2,2,1,1,1,1,1,2,1,1,1,1,1,1,1,1,1,1,2,0,0,0,0,0,0,1,0,0,0,2,0,0,0,0,0,2,2,2,2,2,62.0,43.0,24.0,45.0,60.0,12.0,30.0,29.0,46.0,24.0,37.0,61.0,42.0,32.0,52.0,40.0,68.0,16.0,42.0,46.0,20.0,34.0,12.0,25.0,10.0,64.0,25.0,63.0,39.0,13.0,19.0,60.0,37.0,12.0,33.0,27.0,33.0,80.0,64.0,34.0,63.0,16.0,24.0,60.0,22.0
131,B747_5923,0,2,2,2,2,2,2,2,1,1,1,1,1,2,1,1,1,1,1,1,1,1,1,1,2,0,0,0,0,0,0,1,0,0,0,2,0,0,0,0,0,2,2,2,2,2,46.0,22.0,13.0,59.0,37.0,43.0,9.0,13.0,50.0,24.0,14.0,59.0,35.0,58.0,66.0,58.0,24.0,35.0,60.0,64.0,65.0,36.0,64.0,39.0,24.0,57.0,8.0,53.0,36.0,55.0,52.0,17.0,26.0,57.0,34.0,59.0,55.0,83.0,9.0,61.0,14.0,14.0,13.0,43.0,44.0
132,B747_6297,0,2,2,2,2,2,2,2,1,1,1,1,1,2,1,1,1,1,1,1,1,1,1,1,2,0,0,0,0,0,0,1,0,0,0,2,0,0,0,0,0,2,2,2,2,2,61.0,36.0,43.0,52.0,22.0,40.0,52.0,22.0,30.0,8.0,64.0,14.0,57.0,23.0,46.0,23.0,57.0,51.0,18.0,24.0,28.0,55.0,26.0,49.0,59.0,52.0,50.0,32.0,28.0,58.0,19.0,62.0,40.0,21.0,37.0,41.0,67.0,1.0,35.0,33.0,36.0,31.0,17.0,38.0,41.0
133,B747_6747,0,2,2,2,2,2,2,2,1,1,1,1,1,2,1,1,1,1,1,1,1,1,1,1,2,0,0,0,0,0,0,1,0,0,0,2,0,0,0,0,0,2,2,2,2,2,34.0,58.0,9.0,44.0,36.0,43.0,6.0,8.0,45.0,51.0,56.0,29.0,27.0,9.0,29.0,39.0,10.0,35.0,32.0,49.0,52.0,62.0,32.0,48.0,20.0,55.0,19.0,24.0,58.0,50.0,30.0,11.0,31.0,10.0,33.0,51.0,57.0,36.0,55.0,30.0,57.0,33.0,27.0,49.0,18.0
134,B747_6800,0,2,2,2,2,2,2,2,1,1,1,1,1,2,1,1,1,1,1,1,1,1,1,1,2,0,0,0,0,0,0,1,0,0,0,2,0,0,0,0,0,2,2,2,2,2,63.0,62.0,59.0,46.0,22.0,9.0,7.0,16.0,36.0,45.0,40.0,55.0,55.0,45.0,44.0,56.0,55.0,35.0,45.0,58.0,36.0,25.0,57.0,24.0,22.0,64.0,49.0,12.0,35.0,45.0,47.0,63.0,33.0,58.0,27.0,45.0,38.0,55.0,64.0,37.0,35.0,55.0,15.0,16.0,22.0
135,B757_0375,0,2,2,2,2,2,2,2,1,1,1,1,1,2,1,1,1,1,1,1,1,1,1,1,2,0,0,0,0,0,0,1,0,0,0,2,0,0,0,0,0,2,2,2,2,2,28.0,25.0,61.0,34.0,24.0,27.0,20.0,48.0,36.0,16.0,38.0,56.0,56.0,43.0,32.0,27.0,39.0,52.0,62.0,36.0,48.0,37.0,33.0,66.0,44.0,67.0,61.0,61.0,58.0,16.0,61.0,26.0,44.0,54.0,71.0,36.0,66.0,71.0,65.0,31.0,38.0,40.0,29.0,37.0,44.0
136,B757_0697,0,2,2,2,2,2,2,2,1,1,1,1,1,2,1,1,1,1,1,1,1,1,1,1,2,0,0,0,0,0,0,1,0,0,0,2,0,0,0,0,0,2,2,2,2,2,59.0,10.0,48.0,31.0,54.0,12.0,46.0,66.0,48.0,7.0,37.0,34.0,58.0,24.0,50.0,9.0,30.0,19.0,11.0,41.0,62.0,49.0,65.0,44.0,12.0,26.0,14.0,41.0,52.0,28.0,62.0,23.0,43.0,17.0,46.0,53.0,61.0,35.0,29.0,49.0,65.0,31.0,19.0,43.0,29.0
137,B757_1844,0,2,2,2,2,2,2,2,1,1,1,1,1,2,1,1,1,1,1,1,1,1,1,1,2,0,0,0,0,0,0,1,0,0,0,2,0,0,0,0,0,2,2,2,2,2,57.0,41.0,11.0,23.0,62.0,23.0,57.0,52.0,66.0,40.0,20.0,26.0,22.0,30.0,49.0,39.0,51.0,60.0,61.0,29.0,32.0,14.0,63.0,25.0,57.0,16.0,51.0,38.0,16.0,66.0,57.0,68.0,56.0,55.0,62.0,35.0,32.0,92.0,20.0,50.0,71.0,60.0,35.0,67.0,15.0
138,B757_2518,0,2,2,2,2,2,2,2,1,1,1,1,1,2,1,1,1,1,1,1,1,1,1,1,2,0,0,0,0,0,0,1,0,0,0,2,0,0,0,0,0,2,2,2,2,2,57.0,9.0,31.0,60.0,40.0,30.0,64.0,11.0,43.0,50.0,12.0,7.0,22.0,12.0,46.0,14.0,50.0,9.0,35.0,21.0,28.0,49.0,27.0,55.0,34.0,59.0,16.0,11.0,60.0,41.0,41.0,55.0,54.0,26.0,66.0,9.0,25.0,67.0,8.0,7.0,31.0,28.0,24.0,37.0,37.0
139,B757_2908,2,2,2,2,2,2,2,2,1,1,1,1,1,2,1,1,1,1,1,1,1,1,1,1,2,0,0,0,0,0,0,1,0,0,0,2,0,0,0,0,0,2,2,2,2,2,16.0,34.0,14.0,42.0,31.0,18.0,29.0,58.0,67.0,36.0,45.0,55.0,53.0,14.0,15.0,10.0,45.0,40.0,30.0,43.0,31.0,25.0,34.0,41.0,53.0,22.0,55.0,11.0,32.0,18.0,8.0,9.0,61.0,46.0,14.0,53.0,38.0,93.0,27.0,54.0,64.0,44.0,21.0,55.0,62.0
140,B757_4533,2,2,2,2,2,2,2,2,1,1,1,1,1,2,1,1,1,1,1,1,1,1,1,1,2,0,0,0,0,0,0,1,0,0,0,2,0,0,0,0,0,2,2,2,2,2,49.0,22.0,50.0,13.0,47.0,22.0,38.0,64.0,53.0,7.0,30.0,12.0,12.0,63.0,45.0,17.0,44.0,30.0,44.0,41.0,58.0,63.0,12.0,20.0,17.0,31.0,55.0,28.0,16.0,38.0,38.0,23.0,34.0,9.0,21.0,40.0,24.0,95.0,8.0,35.0,61.0,62.0,31.0,66.0,13.0
141,B757_4595,0,2,2,2,2,2,2,2,1,1,1,1,1,2,1,1,1,1,1,1,1,1,1,1,2,0,0,0,0,0,0,1,0,0,0,2,0,0,0,0,0,2,2,2,2,2,29.0,51.0,47.0,61.0,39.0,70.0,10.0,14.0,15.0,59.0,45.0,24.0,24.0,11.0,21.0,16.0,59.0,63.0,45.0,64.0,63.0,53.0,56.0,25.0,53.0,20.0,66.0,12.0,66.0,69.0,55.0,60.0,40.0,25.0,55.0,27.0,30.0,75.0,51.0,25.0,39.0,44.0,20.0,36.0,39.0
142,B757_6092,0,2,2,2,2,2,2,2,1,1,1,1,1,2,1,1,1,1,1,1,1,1,1,1,2,0,0,0,0,0,0,1,0,0,0,2,0,0,0,0,0,2,2,2,2,2,37.0,16.0,36.0,35.0,29.0,57.0,55.0,34.0,53.0,65.0,18.0,44.0,27.0,20.0,66.0,66.0,42.0,44.0,53.0,59.0,49.0,48.0,64.0,60.0,36.0,40.0,14.0,35.0,15.0,56.0,65.0,51.0,27.0,50.0,62.0,10.0,54.0,17.0,42.0,16.0,47.0,53.0,13.0,12.0,37.0
143,B757_6416,0,2,2,2,2,2,2,2,1,1,1,1,1,2,1,1,1,1,1,1,1,1,1,1,2,0,0,0,0,0,0,1,0,0,0,2,0,0,0,0,0,2,2,2,2,2,48.0,51.0,16.0,45.0,11.0,28.0,62.0,31.0,45.0,58.0,35.0,71.0,29.0,11.0,58.0,51.0,64.0,47.0,59.0,56.0,39.0,22.0,33.0,11.0,57.0,51.0,36.0,23.0,67.0,25.0,18.0,60.0,48.0,11.0,43.0,42.0,65.0,70.0,56.0,48.0,49.0,47.0,12.0,46.0,41.0
144,B757_6477,0,2,2,2,2,2,2,2,1,1,1,1,1,2,1,1,1,1,1,1,1,1,1,1,2,0,0,0,0,0,0,1,0,0,0,2,0,0,0,0,0,2,2,2,2,2,47.0,18.0,54.0,53.0,42.0,16.0,58.0,10.0,32.0,59.0,62.0,13.0,38.0,47.0,44.0,57.0,20.0,59.0,48.0,38.0,9.0,21.0,21.0,58.0,61.0,35.0,41.0,29.0,39.0,27.0,64.0,63.0,62.0,22.0,65.0,41.0,45.0,90.0,53.0,49.0,10.0,44.0,16.0,37.0,50.0
145,B757_6806,2,2,2,2,2,2,2,2,1,1,1,1,1,2,1,1,1,1,1,1,1,1,1,1,2,0,0,0,0,0,0,1,0,0,0,2,0,0,0,0,0,2,2,2,2,2,29.0,21.0,24.0,9.0,51.0,25.0,58.0,30.0,15.0,28.0,58.0,25.0,64.0,30.0,44.0,46.0,50.0,60.0,52.0,30.0,27.0,12.0,25.0,28.0,15.0,62.0,27.0,57.0,58.0,18.0,11.0,55.0,63.0,12.0,26.0,64.0,23.0,94.0,34.0,29.0,58.0,23.0,48.0,19.0,46.0
146,B767_0277,0,2,2,2,2,2,2,2,1,1,1,1,1,2,1,1,1,1,1,1,1,1,1,1,2,0,0,0,0,0,0,1,0,0,0,2,0,0,0,0,0,2,2,2,2,2,11.0,39.0,19.0,25.0,10.0,16.0,35.0,52.0,13.0,25.0,12.0,46.0,48.0,21.0,39.0,27.0,19.0,20.0,60.0,9.0,44.0,28.0,50.0,37.0,11.0,58.0,32.0,36.0,52.0,65.0,13.0,15.0,16.0,32.0,37.0,44.0,56.0,53.0,11.0,41.0,48.0,12.0,33.0,38.0,55.0
147,B767_0906,0,2,2,2,2,2,2,2,1,1,1,1,1,2,1,1,1,1,1,1,1,1,1,1,2,0,0,0,0,0,0,1,0,0,0,2,0,0,0,0,0,2,2,2,2,2,69.0,13.0,30.0,48.0,50.0,12.0,12.0,34.0,61.0,45.0,44.0,45.0,14.0,22.0,47.0,56.0,64.0,36.0,52.0,59.0,11.0,38.0,33.0,11.0,12.0,12.0,25.0,61.0,20.0,59.0,58.0,27.0,28.0,63.0,47.0,36.0,48.0,69.0,15.0,28.0,47.0,65.0,65.0,24.0,67.0
148,B767_2315,2,2,2,2,2,2,2,2,1,1,1,1,1,2,1,1,1,1,1,1,1,1,1,1,2,0,0,0,0,0,0,1,0,0,0,2,0,0,0,0,0,2,2,2,2,2,56.0,10.0,13.0,44.0,32.0,33.0,53.0,24.0,65.0,30.0,50.0,52.0,42.0,55.0,12.0,15.0,49.0,41.0,53.0,45.0,56.0,56.0,22.0,47.0,37.0,28.0,26.0,20.0,35.0,10.0,19.0,17.0,45.0,30.0,68.0,61.0,57.0,96.0,26.0,62.0,22.0,25.0,14.0,65.0,38.0
149,B767_2368,0,2,2,2,2,2,2,2,1,1,1,1,1,2,1,1,1,1,1,1,1,1,1,1,2,0,0,0,0,0,0,1,0,0,0,2,0,0,0,0,0,2,2,2,2,2,50.0,55.0,33.0,26.0,39.0,29.0,24.0,52.0,40.0,24.0,24.0,18.0,11.0,42.0,53.0,10.0,39.0,26.0,49.0,58.0,45.0,34.0,39.0,36.0,70.0,19.0,40.0,42.0,43.0,18.0,57.0,47.0,45.0,32.0,63.0,27.0,57.0,5.0,55.0,44.0,39.0,64.0,24.0,28.0,45.0
150,B767_2417,1,2,2,2,2,2,2,2,1,1,1,1,1,2,1,1,1,1,1,1,1,1,1,1,2,0,0,0,0,0,0,1,0,0,0,2,0,0,0,0,0,2,2,2,2,2,57.0,63.0,37.0,41.0,35.0,51.0,21.0,21.0,65.0,62.0,31.0,61.0,49.0,22.0,65.0,53.0,40.0,47.0,66.0,11.0,64.0,23.0,30.0,8.0,63.0,64.0,30.0,17.0,54.0,62.0,29.0,58.0,39.0,17.0,30.0,51.0,19.0,49.0,23.0,23.0,13.0,39.0,43.0,61.0,23.0
151,B767_2790,0,2,2,2,2,2,2,2,1,1,1,1,1,2,1,1,1,1,1,1,1,1,1,1,2,0,0,0,0,0,0,1,0,0,0,2,0,0,0,0,0,2,2,2,2,2,25.0,50.0,21.0,11.0,60.0,58.0,52.0,65.0,55.0,38.0,38.0,40.0,25.0,37.0,33.0,23.0,42.0,17.0,65.0,49.0,10.0,10.0,27.0,59.0,16.0,31.0,18.0,44.0,56.0,38.0,17.0,23.0,51.0,47.0,16.0,64.0,65.0,72.0,7.0,26.0,27.0,63.0,24.0,26.0,55.0
152,B767_2803,0,2,2,2,2,2,2,2,1,1,1,1,1,2,1,1,1,1,1,1,1,1,1,1,2,0,0,0,0,0,0,1,0,0,0,2,0,0,0,0,0,2,2,2,2,2,12.0,28.0,31.0,52.0,48.0,48.0,59.0,36.0,55.0,12.0,34.0,14.0,53.0,66.0,54.0,9.0,57.0,10.0,45.0,44.0,9.0,63.0,28.0,32.0,29.0,64.0,51.0,43.0,13.0,46.0,63.0,58.0,34.0,31.0,14.0,23.0,45.0,54.0,58.0,28.0,34.0,65.0,27.0,19.0,27.0
153,B767_3878,0,2,2,2,2,2,2,2,1,1,1,1,1,2,1,1,1,1,1,1,1,1,1,1,2,0,0,0,0,0,0,1,0,0,0,2,0,0,0,0,0,2,2,2,2,2,55.0,67.0,57.0,62.0,41.0,44.0,25.0,42.0,22.0,36.0,52.0,11.0,61.0,66.0,44.0,54.0,26.0,19.0,64.0,49.0,20.0,42.0,60.0,60.0,62.0,67.0,15.0,68.0,24.0,15.0,63.0,62.0,42.0,62.0,55.0,65.0,16.0,80.0,13.0,67.0,68.0,28.0,33.0,21.0,45.0
154,B767_4217,0,2,2,2,2,2,2,2,1,1,1,1,1,2,1,1,1,1,1,1,1,1,1,1,2,0,0,0,0,0,0,1,0,0,0,2,0,0,0,0,0,2,2,2,2,2,45.0,66.0,25.0,21.0,41.0,69.0,16.0,52.0,26.0,60.0,68.0,44.0,56.0,47.0,24.0,54.0,68.0,31.0,35.0,35.0,27.0,52.0,46.0,51.0,64.0,64.0,59.0,14.0,56.0,52.0,34.0,34.0,18.0,20.0,43.0,45.0,53.0,74.0,48.0,62.0,39.0,69.0,63.0,11.0,19.0
155,B767_4924,0,2,2,2,2,2,2,2,1,1,1,1,1,2,1,1,1,1,1,1,1,1,1,1,2,0,0,0,0,0,0,1,0,0,0,2,0,0,0,0,0,2,2,2,2,2,38.0,50.0,21.0,59.0,50.0,10.0,7.0,29.0,43.0,23.0,60.0,38.0,32.0,25.0,25.0,44.0,35.0,63.0,14.0,21.0,44.0,21.0,59.0,53.0,40.0,11.0,56.0,60.0,61.0,58.0,45.0,63.0,41.0,63.0,19.0,30.0,41.0,76.0,26.0,60.0,22.0,54.0,29.0,24.0,11.0
156,B767_4965,0,2,2,2,2,2,2,2,1,1,1,1,1,2,1,1,1,1,1,1,1,1,1,1,2,0,0,0,0,0,0,1,0,0,0,2,0,0,0,0,0,2,2,2,2,2,19.0,12.0,29.0,60.0,42.0,38.0,30.0,10.0,21.0,33.0,51.0,65.0,61.0,17.0,52.0,58.0,27.0,64.0,25.0,64.0,32.0,60.0,54.0,65.0,64.0,11.0,9.0,38.0,30.0,58.0,47.0,67.0,24.0,46.0,67.0,14.0,20.0,57.0,30.0,30.0,25.0,13.0,40.0,54.0,65.0
157,B767_5422,0,2,2,2,2,2,2,2,1,1,1,1,1,2,1,1,1,1,1,1,1,1,1,1,2,0,0,0,0,0,0,1,0,0,0,2,0,0,0,0,0,2,2,2,2,2,37.0,57.0,56.0,28.0,37.0,9.0,22.0,13.0,48.0,46.0,35.0,8.0,59.0,6.0,32.0,42.0,50.0,53.0,62.0,40.0,62.0,49.0,15.0,41.0,32.0,6.0,8.0,65.0,47.0,57.0,18.0,40.0,33.0,9.0,23.0,26.0,30.0,86.0,17.0,13.0,16.0,45.0,48.0,22.0,40.0
158,B767_5501,0,2,2,2,2,2,2,2,1,1,1,1,1,2,1,1,1,1,1,1,1,1,1,1,2,0,0,0,0,0,0,1,0,0,0,2,0,0,0,0,0,2,2,2,2,2,6.0,31.0,34.0,24.0,61.0,33.0,6.0,8.0,28.0,17.0,16.0,64.0,62.0,9.0,19.0,10.0,36.0,41.0,6.0,12.0,60.0,8.0,30.0,23.0,16.0,46.0,32.0,8.0,28.0,50.0,48.0,24.0,27.0,54.0,26.0,53.0,41.0,68.0,42.0,55.0,11.0,8.0,32.0,51.0,6.0
159,B777_0122,0,2,2,2,2,2,2,2,1,1,1,1,1,2,1,1,1,1,1,1,1,1,1,1,2,0,0,0,0,0,0,1,0,0,0,2,0,0,0,0,0,2,2,2,2,2,49.0,43.0,20.0,51.0,46.0,17.0,53.0,29.0,54.0,60.0,28.0,64.0,60.0,33.0,68.0,26.0,70.0,55.0,10.0,69.0,57.0,10.0,16.0,57.0,50.0,44.0,30.0,35.0,39.0,14.0,33.0,44.0,20.0,56.0,42.0,23.0,18.0,76.0,65.0,16.0,13.0,58.0,17.0,42.0,66.0
160,B777_0908,0,2,2,2,2,2,2,2,1,1,1,1,1,2,1,1,1,1,1,1,1,1,1,1,2,0,0,0,0,0,0,1,0,0,0,2,0,0,0,0,0,2,2,2,2,2,62.0,24.0,26.0,19.0,49.0,34.0,10.0,15.0,13.0,49.0,27.0,17.0,5.0,43.0,45.0,30.0,8.0,35.0,14.0,63.0,18.0,61.0,60.0,4.0,19.0,52.0,35.0,56.0,22.0,19.0,39.0,62.0,6.0,22.0,25.0,58.0,17.0,67.0,6.0,60.0,10.0,20.0,5.0,18.0,34.0
161,B777_2912,1,2,2,2,2,2,2,2,1,1,1,1,1,2,1,1,1,1,1,1,1,1,1,1,2,0,0,0,0,0,0,1,0,0,0,2,0,0,0,0,0,2,2,2,2,2,22.0,47.0,17.0,47.0,43.0,51.0,66.0,32.0,63.0,27.0,21.0,25.0,61.0,45.0,12.0,53.0,34.0,23.0,18.0,26.0,65.0,34.0,57.0,37.0,26.0,35.0,47.0,23.0,41.0,42.0,50.0,34.0,33.0,37.0,30.0,59.0,68.0,54.0,52.0,45.0,25.0,18.0,34.0,36.0,55.0
162,B777_3000,2,2,2,2,2,2,2,2,1,1,1,1,1,2,1,1,1,1,1,1,1,1,1,1,2,0,0,0,0,0,0,1,0,0,0,2,0,0,0,0,0,2,2,2,2,2,66.0,64.0,19.0,58.0,51.0,66.0,33.0,49.0,30.0,22.0,14.0,29.0,66.0,56.0,54.0,40.0,42.0,33.0,27.0,44.0,23.0,37.0,47.0,38.0,63.0,40.0,27.0,51.0,36.0,61.0,57.0,23.0,50.0,54.0,63.0,46.0,54.0,99.0,29.0,43.0,65.0,42.0,11.0,30.0,50.0
163,B777_3776,0,2,2,2,2,2,2,2,1,1,1,1,1,2,1,1,1,1,1,1,1,1,1,1,2,0,0,0,0,0,0,1,0,0,0,2,0,0,0,0,0,2,2,2,2,2,20.0,62.0,47.0,57.0,60.0,33.0,20.0,13.0,52.0,62.0,21.0,30.0,66.0,58.0,51.0,58.0,36.0,15.0,59.0,16.0,29.0,21.0,63.0,19.0,18.0,47.0,38.0,59.0,20.0,11.0,52.0,60.0,58.0,67.0,42.0,19.0,40.0,20.0,60.0,23.0,19.0,58.0,46.0,19.0,60.0
164,B777_3944,0,2,2,2,2,2,2,2,1,1,1,1,1,2,1,1,1,1,1,1,1,1,1,1,2,0,0,0,0,0,0,1,0,0,0,2,0,0,0,0,0,2,2,2,2,2,27.0,23.0,29.0,50.0,22.0,38.0,7.0,52.0,11.0,7.0,12.0,26.0,48.0,29.0,10.0,65.0,65.0,20.0,18.0,11.0,61.0,60.0,40.0,18.0,24.0,11.0,23.0,23.0,17.0,67.0,39.0,56.0,58.0,41.0,45.0,33.0,53.0,57.0,64.0,20.0,55.0,9.0,7.0,44.0,15.0
165,B777_4029,0,2,2,2,2,2,2,2,1,1,1,1,1,2,1,1,1,1,1,1,1,1,1,1,2,0,0,0,0,0,0,1,0,0,0,2,0,0,0,0,0,2,2,2,2,2,38.0,28.0,28.0,33.0,29.0,50.0,35.0,30.0,27.0,10.0,54.0,21.0,35.0,42.0,61.0,35.0,50.0,34.0,27.0,20.0,48.0,40.0,10.0,19.0,19.0,62.0,54.0,61.0,67.0,38.0,37.0,8.0,64.0,57.0,61.0,51.0,52.0,68.0,52.0,50.0,23.0,66.0,33.0,41.0,41.0
166,B777_4962,2,2,2,2,2,2,2,2,1,1,1,1,1,2,1,1,1,1,1,1,1,1,1,1,2,0,0,0,0,0,0,1,0,0,0,2,0,0,0,0,0,2,2,2,2,2,43.0,21.0,55.0,64.0,36.0,51.0,49.0,41.0,66.0,37.0,37.0,12.0,59.0,43.0,9.0,63.0,27.0,55.0,7.0,34.0,30.0,43.0,21.0,9.0,47.0,56.0,45.0,9.0,18.0,63.0,31.0,49.0,46.0,9.0,14.0,14.0,16.0,98.0,46.0,18.0,40.0,13.0,66.0,13.0,58.0
167,B777_5397,1,2,2,2,2,2,2,2,1,1,1,1,1,2,1,1,1,1,1,1,1,1,1,1,2,0,0,0,0,0,0,1,0,0,0,2,0,0,0,0,0,2,2,2,2,2,25.0,40.0,46.0,38.0,20.0,28.0,22.0,57.0,67.0,33.0,64.0,21.0,52.0,47.0,66.0,29.0,49.0,48.0,46.0,43.0,29.0,23.0,22.0,52.0,45.0,59.0,50.0,13.0,57.0,44.0,14.0,12.0,26.0,25.0,41.0,55.0,26.0,82.0,30.0,38.0,23.0,19.0,23.0,58.0,14.0
168,B777_5688,2,2,2,2,2,2,2,2,1,1,1,1,1,2,1,1,1,1,1,1,1,1,1,1,2,0,0,0,0,0,0,1,0,0,0,2,0,0,0,0,0,2,2,2,2,2,51.0,64.0,59.0,47.0,32.0,32.0,13.0,46.0,23.0,52.0,21.0,24.0,38.0,39.0,55.0,37.0,58.0,56.0,66.0,52.0,58.0,29.0,25.0,37.0,47.0,52.0,28.0,22.0,64.0,30.0,59.0,26.0,33.0,44.0,40.0,60.0,47.0,95.0,21.0,52.0,21.0,13.0,24.0,21.0,31.0
169,B777_5812,0,2,2,2,2,2,2,2,1,1,1,1,1,2,1,1,1,1,1,1,1,1,1,1,2,0,0,0,0,0,0,1,0,0,0,2,0,0,0,0,0,2,2,2,2,2,68.0,26.0,50.0,44.0,38.0,32.0,14.0,26.0,16.0,58.0,65.0,18.0,64.0,37.0,38.0,7.0,52.0,38.0,63.0,57.0,47.0,62.0,40.0,53.0,47.0,26.0,36.0,45.0,65.0,41.0,54.0,32.0,17.0,32.0,33.0,41.0,18.0,54.0,32.0,39.0,12.0,57.0,43.0,31.0,14.0
170,B777_5963,1,2,2,2,2,2,2,2,1,1,1,1,1,2,1,1,1,1,1,1,1,1,1,1,2,0,0,0,0,0,0,1,0,0,0,2,0,0,0,0,0,2,2,2,2,2,42.0,57.0,60.0,53.0,26.0,44.0,44.0,64.0,25.0,11.0,49.0,61.0,41.0,46.0,33.0,63.0,34.0,39.0,60.0,53.0,17.0,13.0,48.0,52.0,46.0,48.0,19.0,58.0,43.0,34.0,15.0,35.0,51.0,36.0,40.0,38.0,35.0,78.0,40.0,24.0,55.0,28.0,41.0,49.0,55.0
171,B777_6740,1,2,2,2,2,2,2,2,1,1,1,1,1,2,1,1,1,1,1,1,1,1,1,1,2,0,0,0,0,0,0,1,0,0,0,2,0,0,0,0,0,2,2,2,2,2,24.0,25.0,62.0,7.0,49.0,30.0,65.0,36.0,54.0,24.0,59.0,29.0,25.0,65.0,58.0,12.0,49.0,8.0,10.0,49.0,17.0,47.0,23.0,47.0,45.0,35.0,17.0,65.0,28.0,44.0,55.0,31.0,17.0,55.0,25.0,10.0,53.0,66.0,52.0,7.0,19.0,14.0,23.0,11.0,56.0
172,B777_6867,0,2,2,2,2,2,2,2,1,1,1,1,1,2,1,1,1,1,1,1,1,1,1,1,2,0,0,0,0,0,0,1,0,0,0,2,0,0,0,0,0,2,2,2,2,2,43.0,25.0,59.0,49.0,41.0,34.0,23.0,10.0,60.0,20.0,40.0,32.0,58.0,28.0,15.0,56.0,52.0,50.0,43.0,45.0,28.0,22.0,55.0,28.0,35.0,26.0,16.0,68.0,22.0,56.0,9.0,63.0,42.0,21.0,13.0,12.0,27.0,89.0,51.0,66.0,55.0,21.0,11.0,67.0,12.0
173,CRJ700_0545,0,2,2,2,2,2,2,2,1,1,1,1,1,2,1,1,1,1,1,1,1,1,1,1,2,0,0,0,0,0,0,1,0,0,0,2,0,0,0,0,0,2,2,2,2,2,27.0,28.0,16.0,14.0,18.0,60.0,61.0,34.0,18.0,63.0,34.0,49.0,12.0,41.0,20.0,64.0,16.0,33.0,31.0,40.0,35.0,45.0,36.0,51.0,23.0,20.0,39.0,47.0,18.0,52.0,67.0,30.0,52.0,10.0,36.0,68.0,43.0,60.0,63.0,63.0,58.0,16.0,59.0,37.0,27.0
174,CRJ700_0969,0,2,2,2,2,2,2,2,1,1,1,1,1,2,1,1,1,1,1,1,1,1,1,1,2,0,0,0,0,0,0,1,0,0,0,2,0,0,0,0,0,2,2,2,2,2,55.0,40.0,22.0,54.0,60.0,67.0,35.0,68.0,22.0,8.0,18.0,35.0,30.0,17.0,12.0,56.0,39.0,28.0,64.0,53.0,24.0,24.0,53.0,66.0,68.0,52.0,28.0,64.0,52.0,30.0,23.0,23.0,48.0,52.0,42.0,68.0,44.0,54.0,37.0,34.0,56.0,66.0,12.0,16.0,32.0
175,CRJ700_1002,0,2,2,2,2,2,2,2,1,1,1,1,1,2,1,1,1,1,1,1,1,1,1,1,2,0,0,0,0,0,0,1,0,0,0,2,0,0,0,0,0,2,2,2,2,2,34.0,42.0,58.0,5.0,30.0,18.0,32.0,45.0,9.0,57.0,49.0,15.0,15.0,16.0,50.0,49.0,47.0,25.0,41.0,19.0,5.0,44.0,52.0,28.0,61.0,47.0,64.0,31.0,30.0,20.0,20.0,52.0,55.0,46.0,64.0,26.0,42.0,45.0,9.0,58.0,55.0,26.0,37.0,31.0,54.0
176,CRJ700_1442,0,2,2,2,2,2,2,2,1,1,1,1,1,2,1,1,1,1,1,1,1,1,1,1,2,0,0,0,0,0,0,1,0,0,0,2,0,0,0,0,0,2,2,2,2,2,45.0,41.0,26.0,54.0,58.0,16.0,24.0,28.0,47.0,22.0,47.0,22.0,62.0,17.0,60.0,58.0,14.0,39.0,53.0,57.0,43.0,34.0,21.0,38.0,40.0,20.0,6.0,63.0,30.0,13.0,8.0,25.0,27.0,18.0,60.0,26.0,10.0,65.0,29.0,35.0,53.0,39.0,3.0,9.0,41.0
177,CRJ700_1788,0,2,2,2,2,2,2,2,1,1,1,1,1,2,1,1,1,1,1,1,1,1,1,1,2,0,0,0,0,0,0,1,0,0,0,2,0,0,0,0,0,2,2,2,2,2,62.0,59.0,31.0,66.0,50.0,41.0,19.0,46.0,52.0,22.0,70.0,65.0,46.0,51.0,70.0,13.0,37.0,20.0,68.0,46.0,16.0,42.0,44.0,34.0,37.0,31.0,19.0,70.0,51.0,20.0,46.0,57.0,46.0,49.0,65.0,52.0,49.0,4.0,24.0,34.0,55.0,51.0,33.0,54.0,35.0
178,CRJ700_1968,1,2,2,2,2,2,2,2,1,1,1,1,1,2,1,1,1,1,1,1,1,1,1,1,2,0,0,0,0,0,0,1,0,0,0,2,0,0,0,0,0,2,2,2,2,2,30.0,17.0,16.0,7.0,17.0,8.0,50.0,58.0,43.0,44.0,15.0,36.0,23.0,9.0,34.0,12.0,49.0,17.0,21.0,59.0,25.0,22.0,28.0,50.0,14.0,24.0,54.0,38.0,19.0,46.0,51.0,15.0,36.0,48.0,48.0,36.0,51.0,63.0,60.0,40.0,57.0,20.0,8.0,15.0,64.0
179,CRJ700_2189,0,2,2,2,2,2,2,2,1,1,1,1,1,2,1,1,1,1,1,1,1,1,1,1,2,0,0,0,0,0,0,1,0,0,0,2,0,0,0,0,0,2,2,2,2,2,18.0,60.0,59.0,37.0,14.0,44.0,14.0,13.0,31.0,60.0,9.0,19.0,35.0,42.0,58.0,35.0,29.0,49.0,37.0,30.0,12.0,14.0,12.0,17.0,45.0,10.0,64.0,60.0,44.0,52.0,53.0,33.0,39.0,45.0,26.0,23.0,22.0,52.0,62.0,51.0,10.0,50.0,64.0,23.0,42.0
180,CRJ700_2863,0,2,2,2,2,2,2,2,1,1,1,1,1,2,1,1,1,1,1,1,1,1,1,1,2,0,0,0,0,0,0,1,0,0,0,2,0,0,0,0,0,2,2,2,2,2,58.0,15.0,39.0,55.0,21.0,18.0,19.0,50.0,30.0,13.0,37.0,19.0,18.0,31.0,41.0,61.0,12.0,30.0,46.0,53.0,57.0,48.0,7.0,66.0,27.0,38.0,22.0,33.0,65.0,21.0,28.0,39.0,21.0,40.0,59.0,57.0,31.0,69.0,23.0,57.0,39.0,25.0,43.0,47.0,66.0
181,CRJ700_2988,0,2,2,2,2,2,2,2,1,1,1,1,1,2,1,1,1,1,1,1,1,1,1,1,2,0,0,0,0,0,0,1,0,0,0,2,0,0,0,0,0,2,2,2,2,2,58.0,51.0,62.0,33.0,67.0,22.0,28.0,62.0,17.0,32.0,43.0,47.0,23.0,54.0,47.0,11.0,11.0,30.0,11.0,13.0,50.0,38.0,60.0,38.0,35.0,48.0,31.0,52.0,33.0,23.0,26.0,61.0,44.0,12.0,27.0,61.0,24.0,76.0,43.0,21.0,11.0,59.0,61.0,55.0,48.0
182,CRJ700_3108,0,2,2,2,2,2,2,2,1,1,1,1,1,2,1,1,1,1,1,1,1,1,1,1,2,0,0,0,0,0,0,1,0,0,0,2,0,0,0,0,0,2,2,2,2,2,25.0,11.0,57.0,63.0,21.0,53.0,56.0,51.0,50.0,60.0,35.0,35.0,56.0,46.0,16.0,53.0,24.0,42.0,66.0,65.0,17.0,10.0,29.0,46.0,24.0,68.0,33.0,32.0,56.0,36.0,23.0,22.0,64.0,25.0,58.0,40.0,47.0,84.0,47.0,19.0,25.0,13.0,61.0,26.0,47.0
183,CRJ700_3181,2,2,2,2,2,2,2,2,1,1,1,1,1,2,1,1,1,1,1,1,1,1,1,1,2,0,0,0,0,0,0,1,0,0,0,2,0,0,0,0,0,2,2,2,2,2,37.0,63.0,32.0,33.0,69.0,40.0,29.0,29.0,49.0,26.0,38.0,69.0,13.0,28.0,58.0,23.0,26.0,27.0,11.0,34.0,32.0,69.0,37.0,20.0,61.0,60.0,48.0,25.0,23.0,28.0,55.0,38.0,53.0,45.0,23.0,69.0,27.0,99.0,56.0,66.0,46.0,45.0,46.0,30.0,29.0
184,CRJ700_3699,0,2,2,2,2,2,2,2,1,1,1,1,1,2,1,1,1,1,1,1,1,1,1,1,2,0,0,0,0,0,0,1,0,0,0,2,0,0,0,0,0,2,2,2,2,2,21.0,31.0,46.0,20.0,64.0,31.0,40.0,41.0,48.0,8.0,58.0,30.0,61.0,32.0,48.0,44.0,65.0,30.0,35.0,35.0,52.0,32.0,18.0,47.0,41.0,22.0,34.0,64.0,37.0,42.0,24.0,35.0,8.0,31.0,58.0,31.0,56.0,63.0,38.0,28.0,17.0,43.0,42.0,22.0,9.0
185,CRJ700_4386,1,2,2,2,2,2,2,2,1,1,1,1,1,2,1,1,1,1,1,1,1,1,1,1,2,0,0,0,0,0,0,1,0,0,0,2,0,0,0,0,0,2,2,2,2,2,35.0,45.0,31.0,70.0,60.0,57.0,57.0,22.0,20.0,62.0,12.0,66.0,53.0,68.0,32.0,50.0,38.0,12.0,47.0,39.0,46.0,54.0,43.0,11.0,31.0,21.0,25.0,15.0,21.0,49.0,50.0,46.0,46.0,60.0,59.0,18.0,67.0,22.0,62.0,20.0,11.0,60.0,65.0,66.0,17.0
186,CRJ700_6849,0,2,2,2,2,2,2,2,1,1,1,1,1,2,1,1,1,1,1,1,1,1,1,1,2,0,0,0,0,0,0,1,0,0,0,2,0,0,0,0,0,2,2,2,2,2,43.0,48.0,16.0,65.0,58.0,44.0,23.0,52.0,50.0,51.0,51.0,13.0,49.0,10.0,11.0,25.0,29.0,36.0,65.0,51.0,32.0,12.0,53.0,62.0,56.0,30.0,22.0,17.0,26.0,20.0,8.0,18.0,10.0,9.0,26.0,44.0,62.0,58.0,32.0,12.0,55.0,16.0,50.0,14.0,38.0
187,CRJ700_6943,1,2,2,2,2,2,2,2,1,1,1,1,1,2,1,1,1,1,1,1,1,1,1,1,2,0,0,0,0,0,0,1,0,0,0,2,0,0,0,0,0,2,2,2,2,2,18.0,50.0,30.0,25.0,17.0,34.0,63.0,50.0,56.0,50.0,58.0,52.0,26.0,40.0,57.0,56.0,45.0,14.0,59.0,13.0,63.0,58.0,24.0,10.0,46.0,39.0,30.0,28.0,47.0,26.0,8.0,62.0,50.0,9.0,49.0,44.0,42.0,61.0,59.0,14.0,58.0,55.0,45.0,59.0,46.0
188,CRJ900_1740,1,2,2,2,2,2,2,2,1,1,1,1,1,2,1,1,1,1,1,1,1,1,1,1,2,0,0,0,0,0,0,1,0,0,0,2,0,0,0,0,0,2,2,2,2,2,6.0,31.0,21.0,6.0,38.0,50.0,35.0,8.0,59.0,10.0,52.0,53.0,11.0,48.0,8.0,10.0,43.0,7.0,45.0,39.0,30.0,24.0,7.0,7.0,54.0,9.0,54.0,7.0,16.0,60.0,36.0,59.0,39.0,32.0,48.0,29.0,38.0,61.0,49.0,40.0,16.0,24.0,20.0,62.0,62.0
189,CRJ900_1943,0,2,2,2,2,2,2,2,1,1,1,1,1,2,1,1,1,1,1,1,1,1,1,1,2,0,0,0,0,0,0,1,0,0,0,2,0,0,0,0,0,2,2,2,2,2,51.0,25.0,25.0,64.0,10.0,59.0,60.0,20.0,48.0,52.0,60.0,66.0,35.0,31.0,26.0,16.0,47.0,13.0,58.0,43.0,56.0,39.0,23.0,9.0,26.0,17.0,13.0,33.0,23.0,45.0,30.0,59.0,61.0,16.0,17.0,33.0,69.0,59.0,51.0,44.0,13.0,48.0,14.0,54.0,25.0
190,CRJ900_1993,0,2,2,2,2,2,2,2,1,1,1,1,1,2,1,1,1,1,1,1,1,1,1,1,2,0,0,0,0,0,0,1,0,0,0,2,0,0,0,0,0,2,2,2,2,2,47.0,65.0,31.0,15.0,35.0,48.0,32.0,59.0,71.0,36.0,48.0,52.0,34.0,31.0,28.0,64.0,56.0,22.0,17.0,13.0,38.0,43.0,31.0,29.0,57.0,38.0,21.0,38.0,34.0,24.0,60.0,14.0,47.0,41.0,64.0,30.0,53.0,73.0,64.0,47.0,12.0,35.0,23.0,26.0,11.0
191,CRJ900_2577,1,2,2,2,2,2,2,2,1,1,1,1,1,2,1,1,1,1,1,1,1,1,1,1,2,0,0,0,0,0,0,1,0,0,0,2,0,0,0,0,0,2,2,2,2,2,32.0,62.0,62.0,20.0,38.0,34.0,28.0,50.0,60.0,42.0,20.0,47.0,39.0,52.0,33.0,54.0,16.0,52.0,25.0,30.0,35.0,38.0,30.0,42.0,34.0,27.0,31.0,65.0,16.0,15.0,9.0,20.0,26.0,23.0,22.0,56.0,43.0,41.0,64.0,11.0,34.0,25.0,40.0,40.0,21.0
192,CRJ900_3374,0,2,2,2,2,2,2,2,1,1,1,1,1,2,1,1,1,1,1,1,1,1,1,1,2,0,0,0,0,0,0,1,0,0,0,2,0,0,0,0,0,2,2,2,2,2,35.0,57.0,27.0,11.0,10.0,19.0,16.0,42.0,48.0,58.0,43.0,45.0,25.0,58.0,15.0,59.0,9.0,15.0,47.0,45.0,58.0,62.0,50.0,37.0,7.0,34.0,16.0,51.0,6.0,43.0,49.0,13.0,44.0,49.0,65.0,33.0,40.0,39.0,13.0,54.0,46.0,44.0,64.0,56.0,61.0
193,CRJ900_3675,1,2,2,2,2,2,2,2,1,1,1,1,1,2,1,1,1,1,1,1,1,1,1,1,2,0,0,0,0,0,0,1,0,0,0,2,0,0,0,0,0,2,2,2,2,2,46.0,31.0,72.0,35.0,12.0,65.0,45.0,66.0,62.0,45.0,60.0,45.0,14.0,22.0,32.0,21.0,48.0,42.0,28.0,21.0,13.0,35.0,72.0,49.0,36.0,41.0,27.0,26.0,24.0,18.0,36.0,67.0,36.0,15.0,16.0,37.0,67.0,76.0,55.0,47.0,66.0,28.0,13.0,21.0,49.0
194,CRJ900_3749,0,2,2,2,2,2,2,2,1,1,1,1,1,2,1,1,1,1,1,1,1,1,1,1,2,0,0,0,0,0,0,1,0,0,0,2,0,0,0,0,0,2,2,2,2,2,61.0,42.0,57.0,41.0,23.0,26.0,52.0,9.0,38.0,18.0,60.0,29.0,13.0,12.0,55.0,66.0,44.0,14.0,32.0,33.0,15.0,6.0,13.0,38.0,43.0,14.0,66.0,39.0,34.0,11.0,26.0,11.0,9.0,50.0,50.0,59.0,11.0,44.0,42.0,41.0,8.0,34.0,22.0,44.0,33.0
195,CRJ900_4042,0,2,2,2,2,2,2,2,1,1,1,1,1,2,1,1,1,1,1,1,1,1,1,1,2,0,0,0,0,0,0,1,0,0,0,2,0,0,0,0,0,2,2,2,2,2,49.0,64.0,47.0,36.0,60.0,13.0,40.0,28.0,21.0,13.0,26.0,33.0,25.0,40.0,29.0,59.0,11.0,34.0,59.0,47.0,13.0,61.0,16.0,49.0,19.0,18.0,60.0,61.0,51.0,21.0,58.0,66.0,35.0,10.0,16.0,43.0,37.0,70.0,54.0,22.0,64.0,19.0,41.0,13.0,60.0
196,CRJ900_4821,2,2,2,2,2,2,2,2,1,1,1,1,1,2,1,1,1,1,1,1,1,1,1,1,2,0,0,0,0,0,0,1,0,0,0,2,0,0,0,0,0,2,2,2,2,2,36.0,23.0,32.0,57.0,50.0,34.0,21.0,45.0,17.0,65.0,10.0,33.0,25.0,55.0,57.0,23.0,23.0,9.0,47.0,8.0,13.0,63.0,48.0,37.0,10.0,30.0,67.0,22.0,41.0,20.0,24.0,31.0,44.0,51.0,32.0,26.0,50.0,93.0,32.0,58.0,51.0,27.0,64.0,28.0,44.0
197,CRJ900_5426,0,2,2,2,2,2,2,2,1,1,1,1,1,2,1,1,1,1,1,1,1,1,1,1,2,0,0,0,0,0,0,1,0,0,0,2,0,0,0,0,0,2,2,2,2,2,61.0,34.0,30.0,66.0,51.0,56.0,55.0,20.0,47.0,13.0,30.0,25.0,42.0,47.0,29.0,18.0,50.0,63.0,23.0,45.0,54.0,56.0,23.0,36.0,26.0,20.0,19.0,14.0,63.0,57.0,21.0,39.0,68.0,44.0,64.0,31.0,49.0,64.0,32.0,24.0,46.0,46.0,50.0,38.0,45.0
198,CRJ900_5500,2,2,2,2,2,2,2,2,1,1,1,1,1,2,1,1,1,1,1,1,1,1,1,1,2,0,0,0,0,0,0,1,0,0,0,2,0,0,0,0,0,2,2,2,2,2,19.0,61.0,43.0,18.0,38.0,39.0,41.0,62.0,68.0,63.0,11.0,14.0,28.0,41.0,12.0,24.0,52.0,38.0,56.0,14.0,51.0,41.0,62.0,25.0,20.0,22.0,18.0,43.0,41.0,51.0,30.0,34.0,67.0,42.0,42.0,11.0,35.0,93.0,33.0,64.0,58.0,38.0,11.0,15.0,55.0
199,CRJ900_6319,0,2,2,2,2,2,2,2,1,1,1,1,1,2,1,1,1,1,1,1,1,1,1,1,2,0,0,0,0,0,0,1,0,0,0,2,0,0,0,0,0,2,2,2,2,2,47.0,59.0,48.0,48.0,35.0,34.0,36.0,14.0,17.0,36.0,62.0,13.0,22.0,24.0,34.0,53.0,46.0,9.0,27.0,55.0,25.0,34.0,39.0,46.0,39.0,29.0,65.0,17.0,64.0,12.0,28.0,64.0,10.0,25.0,8.0,51.0,60.0,40.0,44.0,47.0,13.0,9.0,61.0,55.0,59.0
200,CRJ900_6738,1,2,2,2,2,2,2,2,1,1,1,1,1,2,1,1,1,1,1,1,1,1,1,1,2,0,0,0,0,0,0,1,0,0,0,2,0,0,0,0,0,2,2,2,2,2,13.0,18.0,61.0,39.0,35.0,28.0,30.0,69.0,69.0,19.0,48.0,65.0,41.0,10.0,32.0,21.0,36.0,63.0,8.0,22.0,31.0,60.0,11.0,36.0,57.0,63.0,66.0,42.0,11.0,43.0,25.0,58.0,29.0,56.0,36.0,40.0,50.0,55.0,20.0,49.0,46.0,26.0,25.0,27.0,25.0
201,E170_0081,2,2,2,2,2,2,2,2,1,1,1,1,1,2,1,1,1,1,1,1,1,1,1,1,2,0,0,0,0,0,0,1,0,0,0,2,0,0,0,0,0,2,2,2,2,2,63.0,58.0,30.0,27.0,18.0,59.0,64.0,68.0,22.0,61.0,9.0,60.0,20.0,50.0,52.0,35.0,12.0,32.0,28.0,13.0,13.0,6.0,27.0,43.0,26.0,19.0,38.0,51.0,21.0,59.0,16.0,7.0,55.0,10.0,35.0,50.0,51.0,98.0,47.0,24.0,48.0,47.0,35.0,60.0,53.0
202,E170_1130,0,2,2,2,2,2,2,2,1,1,1,1,1,2,1,1,1,1,1,1,1,1,1,1,2,0,0,0,0,0,0,1,0,0,0,2,0,0,0,0,0,2,2,2,2,2,48.0,22.0,23.0,35.0,24.0,54.0,21.0,49.0,41.0,41.0,66.0,35.0,41.0,14.0,27.0,40.0,39.0,19.0,58.0,55.0,28.0,58.0,27.0,63.0,31.0,46.0,8.0,39.0,41.0,28.0,54.0,34.0,17.0,8.0,51.0,53.0,28.0,40.0,39.0,24.0,21.0,36.0,43.0,28.0,47.0
203,E170_1145,0,2,2,2,2,2,2,2,1,1,1,1,1,2,1,1,1,1,1,1,1,1,1,1,2,0,0,0,0,0,0,1,0,0,0,2,0,0,0,0,0,2,2,2,2,2,51.0,66.0,16.0,35.0,23.0,38.0,60.0,65.0,44.0,55.0,66.0,34.0,13.0,46.0,51.0,29.0,10.0,35.0,61.0,52.0,41.0,11.0,14.0,10.0,37.0,31.0,11.0,9.0,41.0,45.0,28.0,47.0,28.0,11.0,32.0,9.0,56.0,60.0,64.0,67.0,21.0,43.0,20.0,35.0,20.0
204,E170_1544,0,2,2,2,2,2,2,2,1,1,1,1,1,2,1,1,1,1,1,1,1,1,1,1,2,0,0,0,0,0,0,1,0,0,0,2,0,0,0,0,0,2,2,2,2,2,31.0,11.0,49.0,44.0,33.0,15.0,33.0,70.0,58.0,51.0,68.0,54.0,55.0,61.0,25.0,19.0,60.0,60.0,57.0,55.0,16.0,48.0,30.0,46.0,63.0,64.0,12.0,45.0,48.0,50.0,54.0,51.0,56.0,36.0,56.0,34.0,30.0,17.0,28.0,68.0,46.0,60.0,28.0,54.0,56.0
205,E170_2583,0,2,2,2,2,2,2,2,1,1,1,1,1,2,1,1,1,1,1,1,1,1,1,1,2,0,0,0,0,0,0,1,0,0,0,2,0,0,0,0,0,2,2,2,2,2,59.0,48.0,45.0,52.0,50.0,38.0,56.0,19.0,35.0,46.0,29.0,47.0,20.0,57.0,47.0,67.0,64.0,36.0,68.0,31.0,21.0,58.0,17.0,22.0,33.0,45.0,57.0,22.0,40.0,51.0,35.0,58.0,17.0,38.0,49.0,30.0,43.0,9.0,25.0,53.0,20.0,71.0,51.0,18.0,30.0
206,E170_2943,0,2,2,2,2,2,2,2,1,1,1,1,1,2,1,1,1,1,1,1,1,1,1,1,2,0,0,0,0,0,0,1,0,0,0,2,0,0,0,0,0,2,2,2,2,2,35.0,20.0,13.0,30.0,38.0,14.0,34.0,46.0,63.0,19.0,55.0,16.0,23.0,34.0,61.0,66.0,10.0,63.0,65.0,23.0,46.0,44.0,22.0,57.0,36.0,35.0,54.0,45.0,11.0,68.0,63.0,14.0,56.0,36.0,44.0,52.0,49.0,59.0,29.0,26.0,36.0,9.0,21.0,44.0,55.0
207,E170_3393,0,2,2,2,2,2,2,2,1,1,1,1,1,2,1,1,1,1,1,1,1,1,1,1,2,0,0,0,0,0,0,1,0,0,0,2,0,0,0,0,0,2,2,2,2,2,31.0,13.0,63.0,28.0,32.0,36.0,51.0,66.0,56.0,25.0,45.0,66.0,21.0,20.0,31.0,62.0,50.0,23.0,51.0,16.0,45.0,33.0,32.0,20.0,35.0,12.0,28.0,9.0,53.0,17.0,55.0,32.0,66.0,7.0,26.0,40.0,34.0,79.0,41.0,31.0,44.0,10.0,21.0,33.0,45.0
208,E170_3927,1,2,2,2,2,2,2,2,1,1,1,1,1,2,1,1,1,1,1,1,1,1,1,1,2,0,0,0,0,0,0,1,0,0,0,2,0,0,0,0,0,2,2,2,2,2,37.0,25.0,38.0,37.0,29.0,61.0,46.0,23.0,22.0,11.0,55.0,61.0,65.0,61.0,32.0,12.0,26.0,35.0,51.0,49.0,44.0,45.0,36.0,31.0,18.0,14.0,27.0,43.0,66.0,50.0,59.0,47.0,47.0,66.0,13.0,21.0,13.0,16.0,25.0,36.0,35.0,49.0,27.0,68.0,23.0
209,E170_4215,0,2,2,2,2,2,2,2,1,1,1,1,1,2,1,1,1,1,1,1,1,1,1,1,2,0,0,0,0,0,0,1,0,0,0,2,0,0,0,0,0,2,2,2,2,2,26.0,57.0,45.0,60.0,15.0,18.0,66.0,54.0,52.0,58.0,38.0,61.0,55.0,44.0,32.0,41.0,41.0,19.0,69.0,60.0,17.0,64.0,63.0,17.0,69.0,17.0,50.0,69.0,42.0,63.0,42.0,58.0,46.0,15.0,24.0,44.0,34.0,89.0,48.0,65.0,30.0,70.0,64.0,39.0,66.0
210,E170_4783,0,2,2,2,2,2,2,2,1,1,1,1,1,2,1,1,1,1,1,1,1,1,1,1,2,0,0,0,0,0,0,1,0,0,0,2,0,0,0,0,0,2,2,2,2,2,46.0,53.0,32.0,19.0,57.0,40.0,54.0,22.0,41.0,48.0,41.0,37.0,39.0,8.0,22.0,61.0,12.0,27.0,20.0,31.0,25.0,37.0,37.0,12.0,63.0,52.0,48.0,37.0,11.0,54.0,35.0,38.0,61.0,24.0,26.0,43.0,31.0,91.0,55.0,34.0,39.0,25.0,62.0,61.0,18.0
211,E170_6246,0,2,2,2,2,2,2,2,1,1,1,1,1,2,1,1,1,1,1,1,1,1,1,1,2,0,0,0,0,0,0,1,0,0,0,2,0,0,0,0,0,2,2,2,2,2,34.0,38.0,15.0,53.0,28.0,9.0,36.0,25.0,36.0,49.0,67.0,63.0,40.0,32.0,57.0,35.0,34.0,24.0,16.0,42.0,37.0,59.0,48.0,39.0,42.0,48.0,15.0,24.0,23.0,19.0,53.0,40.0,30.0,29.0,39.0,47.0,10.0,92.0,7.0,9.0,15.0,19.0,64.0,30.0,60.0
212,E170_6353,1,2,2,2,2,2,2,2,1,1,1,1,1,2,1,1,1,1,1,1,1,1,1,1,2,0,0,0,0,0,0,1,0,0,0,2,0,0,0,0,0,2,2,2,2,2,63.0,60.0,36.0,38.0,48.0,59.0,56.0,20.0,47.0,44.0,39.0,43.0,25.0,59.0,61.0,14.0,15.0,38.0,19.0,41.0,14.0,10.0,58.0,15.0,58.0,29.0,51.0,44.0,16.0,19.0,56.0,20.0,15.0,18.0,53.0,34.0,27.0,63.0,59.0,31.0,15.0,31.0,34.0,13.0,39.0
213,E170_6420,0,2,2,2,2,2,2,2,1,1,1,1,1,2,1,1,1,1,1,1,1,1,1,1,2,0,0,0,0,0,0,1,0,0,0,2,0,0,0,0,0,2,2,2,2,2,35.0,64.0,41.0,16.0,42.0,39.0,23.0,55.0,29.0,35.0,23.0,13.0,41.0,57.0,63.0,25.0,13.0,7.0,32.0,56.0,35.0,42.0,7.0,18.0,38.0,48.0,40.0,49.0,10.0,35.0,31.0,59.0,36.0,15.0,43.0,18.0,8.0,50.0,26.0,29.0,29.0,53.0,24.0,45.0,14.0
214,E170_6723,0,2,2,2,2,2,2,2,1,1,1,1,1,2,1,1,1,1,1,1,1,1,1,1,2,0,0,0,0,0,0,1,0,0,0,2,0,0,0,0,0,2,2,2,2,2,47.0,60.0,54.0,39.0,59.0,21.0,28.0,18.0,67.0,35.0,52.0,48.0,14.0,52.0,12.0,26.0,19.0,15.0,51.0,35.0,30.0,65.0,14.0,54.0,58.0,63.0,36.0,58.0,59.0,23.0,13.0,15.0,46.0,12.0,30.0,36.0,35.0,55.0,31.0,40.0,27.0,30.0,50.0,31.0,41.0
215,E170_6913,0,2,2,2,2,2,2,2,1,1,1,1,1,2,1,1,1,1,1,1,1,1,1,1,2,0,0,0,0,0,0,1,0,0,0,2,0,0,0,0,0,2,2,2,2,2,44.0,27.0,60.0,50.0,40.0,16.0,32.0,52.0,47.0,10.0,44.0,40.0,57.0,8.0,62.0,47.0,49.0,59.0,35.0,9.0,21.0,51.0,54.0,60.0,27.0,64.0,22.0,12.0,61.0,43.0,45.0,46.0,55.0,23.0,62.0,23.0,56.0,65.0,60.0,9.0,11.0,59.0,57.0,43.0,61.0
216,E175_0620,1,2,2,2,2,2,2,2,1,1,1,1,1,2,1,1,1,1,1,1,1,1,1,1,2,0,0,0,0,0,0,1,0,0,0,2,0,0,0,0,0,2,2,2,2,2,31.0,20.0,9.0,7.0,38.0,62.0,51.0,53.0,38.0,19.0,32.0,25.0,60.0,33.0,66.0,28.0,57.0,23.0,13.0,59.0,8.0,36.0,54.0,39.0,12.0,10.0,25.0,42.0,27.0,34.0,27.0,46.0,9.0,18.0,21.0,41.0,37.0,88.0,26.0,42.0,41.0,59.0,5.0,22.0,23.0
217,E175_1426,0,2,2,2,2,2,2,2,1,1,1,1,1,2,1,1,1,1,1,1,1,1,1,1,2,0,0,0,0,0,0,1,0,0,0,2,0,0,0,0,0,2,2,2,2,2,59.0,16.0,7.0,36.0,55.0,21.0,17.0,31.0,66.0,32.0,47.0,14.0,59.0,19.0,20.0,16.0,6.0,49.0,13.0,37.0,13.0,53.0,37.0,35.0,33.0,47.0,28.0,49.0,37.0,49.0,35.0,60.0,16.0,44.0,35.0,41.0,27.0,48.0,26.0,21.0,59.0,38.0,28.0,37.0,44.0
218,E175_2805,0,2,2,2,2,2,2,2,1,1,1,1,1,2,1,1,1,1,1,1,1,1,1,1,2,0,0,0,0,0,0,1,0,0,0,2,0,0,0,0,0,2,2,2,2,2,27.0,62.0,23.0,36.0,46.0,66.0,37.0,60.0,45.0,50.0,25.0,70.0,35.0,40.0,28.0,39.0,21.0,22.0,45.0,43.0,20.0,40.0,24.0,14.0,28.0,53.0,62.0,17.0,45.0,70.0,35.0,49.0,32.0,32.0,35.0,20.0,59.0,6.0,21.0,45.0,28.0,54.0,30.0,45.0,40.0
219,E175_2945,2,2,2,2,2,2,2,2,1,1,1,1,1,2,1,1,1,1,1,1,1,1,1,1,2,0,0,0,0,0,0,1,0,0,0,2,0,0,0,0,0,2,2,2,2,2,44.0,13.0,30.0,58.0,23.0,19.0,39.0,24.0,55.0,46.0,50.0,45.0,64.0,47.0,53.0,53.0,52.0,27.0,24.0,8.0,66.0,25.0,52.0,20.0,26.0,23.0,24.0,33.0,66.0,58.0,16.0,36.0,21.0,43.0,13.0,14.0,39.0,95.0,22.0,53.0,29.0,19.0,27.0,31.0,14.0
220,E175_2963,1,2,2,2,2,2,2,2,1,1,1,1,1,2,1,1,1,1,1,1,1,1,1,1,2,0,0,0,0,0,0,1,0,0,0,2,0,0,0,0,0,2,2,2,2,2,34.0,34.0,59.0,43.0,17.0,61.0,61.0,25.0,52.0,42.0,33.0,64.0,48.0,23.0,61.0,59.0,16.0,31.0,22.0,48.0,25.0,59.0,9.0,27.0,27.0,62.0,46.0,44.0,15.0,40.0,5.0,22.0,31.0,17.0,38.0,25.0,45.0,91.0,15.0,36.0,41.0,43.0,39.0,22.0,13.0
221,E175_2977,0,2,2,2,2,2,2,2,1,1,1,1,1,2,1,1,1,1,1,1,1,1,1,1,2,0,0,0,0,0,0,1,0,0,0,2,0,0,0,0,0,2,2,2,2,2,69.0,20.0,44.0,65.0,10.0,51.0,32.0,15.0,49.0,46.0,19.0,62.0,11.0,25.0,29.0,43.0,56.0,64.0,21.0,50.0,40.0,62.0,29.0,29.0,32.0,38.0,29.0,45.0,70.0,32.0,23.0,39.0,48.0,46.0,58.0,14.0,67.0,92.0,17.0,21.0,14.0,61.0,56.0,49.0,65.0
222,E175_3327,0,2,2,2,2,2,2,2,1,1,1,1,1,2,1,1,1,1,1,1,1,1,1,1,2,0,0,0,0,0,0,1,0,0,0,2,0,0,0,0,0,2,2,2,2,2,22.0,14.0,14.0,37.0,51.0,37.0,16.0,57.0,39.0,9.0,31.0,51.0,58.0,21.0,38.0,40.0,13.0,53.0,22.0,44.0,34.0,47.0,38.0,11.0,14.0,31.0,35.0,28.0,16.0,27.0,49.0,23.0,17.0,24.0,13.0,61.0,10.0,66.0,42.0,31.0,52.0,10.0,32.0,42.0,32.0
223,E175_3843,1,2,2,2,2,2,2,2,1,1,1,1,1,2,1,1,1,1,1,1,1,1,1,1,2,0,0,0,0,0,0,1,0,0,0,2,0,0,0,0,0,2,2,2,2,2,33.0,54.0,62.0,13.0,54.0,68.0,45.0,32.0,41.0,21.0,19.0,32.0,57.0,9.0,53.0,25.0,20.0,63.0,66.0,16.0,42.0,17.0,24.0,14.0,39.0,49.0,17.0,19.0,16.0,54.0,40.0,31.0,58.0,35.0,42.0,21.0,64.0,79.0,36.0,40.0,67.0,62.0,19.0,27.0,22.0
224,E175_4082,0,2,2,2,2,2,2,2,1,1,1,1,1,2,1,1,1,1,1,1,1,1,1,1,2,0,0,0,0,0,0,1,0,0,0,2,0,0,0,0,0,2,2,2,2,2,68.0,53.0,66.0,27.0,38.0,68.0,49.0,52.0,57.0,64.0,41.0,20.0,14.0,14.0,54.0,62.0,28.0,65.0,41.0,46.0,53.0,7.0,25.0,14.0,50.0,64.0,21.0,19.0,22.0,10.0,25.0,65.0,50.0,62.0,21.0,14.0,50.0,13.0,35.0,40.0,20.0,17.0,50.0,42.0,61.0
225,E175_4558,0,2,2,2,2,2,2,2,1,1,1,1,1,2,1,1,1,1,1,1,1,1,1,1,2,0,0,0,0,0,0,1,0,0,0,2,0,0,0,0,0,2,2,2,2,2,37.0,29.0,21.0,15.0,45.0,64.0,61.0,62.0,48.0,38.0,20.0,67.0,43.0,24.0,11.0,20.0,14.0,31.0,18.0,66.0,9.0,23.0,6.0,25.0,36.0,26.0,37.0,47.0,47.0,60.0,62.0,37.0,42.0,49.0,64.0,36.0,58.0,41.0,37.0,44.0,48.0,64.0,50.0,27.0,14.0
226,E175_5414,0,2,2,2,2,2,2,2,1,1,1,1,1,2,1,1,1,1,1,1,1,1,1,1,2,0,0,0,0,0,0,1,0,0,0,2,0,0,0,0,0,2,2,2,2,2,26.0,60.0,57.0,18.0,18.0,64.0,59.0,59.0,62.0,67.0,40.0,27.0,40.0,33.0,25.0,11.0,15.0,10.0,40.0,27.0,46.0,33.0,45.0,18.0,65.0,27.0,24.0,33.0,58.0,59.0,61.0,13.0,32.0,49.0,40.0,25.0,42.0,92.0,14.0,66.0,56.0,22.0,55.0,41.0,27.0
227,E175_5586,0,2,2,2,2,2,2,2,1,1,1,1,1,2,1,1,1,1,1,1,1,1,1,1,2,0,0,0,0,0,0,1,0,0,0,2,0,0,0,0,0,2,2,2,2,2,29.0,51.0,65.0,14.0,58.0,9.0,55.0,49.0,38.0,34.0,9.0,14.0,20.0,11.0,50.0,38.0,28.0,43.0,30.0,58.0,48.0,39.0,10.0,11.0,49.0,58.0,59.0,44.0,31.0,39.0,43.0,55.0,16.0,56.0,46.0,20.0,8.0,91.0,38.0,36.0,65.0,10.0,16.0,11.0,57.0
228,E175_6729,1,2,2,2,2,2,2,2,1,1,1,1,1,2,1,1,1,1,1,1,1,1,1,1,2,0,0,0,0,0,0,1,0,0,0,2,0,0,0,0,0,2,2,2,2,2,20.0,15.0,67.0,24.0,41.0,17.0,10.0,24.0,30.0,47.0,66.0,16.0,56.0,63.0,29.0,64.0,54.0,9.0,62.0,52.0,59.0,46.0,25.0,42.0,49.0,38.0,69.0,52.0,42.0,30.0,51.0,37.0,53.0,16.0,47.0,29.0,52.0,68.0,22.0,46.0,51.0,31.0,49.0,41.0,42.0
229,E175_6879,0,2,2,2,2,2,2,2,1,1,1,1,1,2,1,1,1,1,1,1,1,1,1,1,2,0,0,0,0,0,0,1,0,0,0,2,0,0,0,0,0,2,2,2,2,2,27.0,16.0,8.0,34.0,9.0,29.0,43.0,36.0,34.0,49.0,12.0,29.0,60.0,15.0,48.0,57.0,22.0,49.0,40.0,62.0,23.0,39.0,62.0,43.0,18.0,54.0,42.0,16.0,37.0,24.0,21.0,6.0,13.0,14.0,60.0,17.0,55.0,47.0,12.0,28.0,62.0,16.0,26.0,49.0,8.0
